<?xml version="1.0" encoding="UTF-8" standalone="no" ?>
<gpx creator="Majuschule" version="1.1" xsi:schemaLocation="http://www.topografix.com/GPX/1/1 http://www.topografix.com/GPX/11.xsd" xmlns:ns3="http://www.garmin.com/xmlschemas/TrackPointExtension/v1" xmlns="http://www.topografix.com/GPX/1/1" xmlns:xsi="http://www.w3.org/2001/XMLSchema-instance" xmlns:ns2="http://www.garmin.com/xmlschemas/GpxExtensions/v3">
<metadata>
  <link href="http://trail-passion.net/trace/?id=79634"><text><![CDATA[GRP 2026 Tour du Néouvielle (43.1 km)]]></text></link>
  <time>2026-07-31T23:27:26Z</time>
  <name>GRP 2026 Tour du Néouvielle</name>
  <desc>GRP 2026 Tour du Néouvielle Trail with Checkpoints</desc>
</metadata>
<wpt lat="42.817049999999995" lon="0.32233999999999996">
  <ele>800</ele>
  <name>Saint Lary</name>
  <type>Start</type>
  <time>2026-08-21T06:00:00Z</time>
</wpt>

<wpt lat="42.828385999999995" lon="0.22061699999999998">
  <ele>2039</ele>
  <name>Restaurant Merlans</name>
  <type>TimeBarrier</type>
  <time>2026-08-21T09:45:00Z</time>
</wpt>

<wpt lat="42.828109999999995" lon="0.22058">
  <ele>2034.97</ele>
  <name>Restaurant Merlans</name>
  <type>TimeBarrier</type>
  <time>2026-08-21T14:30:00Z</time>
</wpt>

<wpt lat="42.82978" lon="0.32722999999999997">
  <ele>791</ele>
  <name>Vielle-Aure</name>
  <type>Arrival</type>
  <time>2026-08-21T18:00:00Z</time>
</wpt>
<trk><name><![CDATA[GRP 2026 Tour du Néouvielle (43.1 km)]]></name><trkseg><trkpt lat='42.817049999999995' lon='0.32233999999999996'><ele>800</ele><time>2026-07-31T23:27:26Z</time></trkpt><trkpt lat='42.817099999999996' lon='0.32233999999999996'><ele>800</ele><time>2026-07-31T23:27:30Z</time></trkpt><trkpt lat='42.81783' lon='0.32278'><ele>800</ele><time>2026-07-31T23:28:20Z</time></trkpt><trkpt lat='42.817969999999995' lon='0.32278'><ele>800</ele><time>2026-07-31T23:28:29Z</time></trkpt><trkpt lat='42.81818' lon='0.32275'><ele>800</ele><time>2026-07-31T23:28:42Z</time></trkpt><trkpt lat='42.81845' lon='0.32264'><ele>800</ele><time>2026-07-31T23:29:00Z</time></trkpt><trkpt lat='42.81858' lon='0.32256999999999997'><ele>800</ele><time>2026-07-31T23:29:09Z</time></trkpt><trkpt lat='42.81861' lon='0.32248'><ele>800</ele><time>2026-07-31T23:29:14Z</time></trkpt><trkpt lat='42.81932' lon='0.32277'><ele>800</ele><time>2026-07-31T23:30:03Z</time></trkpt><trkpt lat='42.819449999999996' lon='0.32277'><ele>800</ele><time>2026-07-31T23:30:08Z</time></trkpt><trkpt lat='42.8196' lon='0.32272'><ele>800</ele><time>2026-07-31T23:30:21Z</time></trkpt><trkpt lat='42.81971' lon='0.32266'><ele>800</ele><time>2026-07-31T23:30:26Z</time></trkpt><trkpt lat='42.81971' lon='0.32265'><ele>800</ele><time>2026-07-31T23:30:26Z</time></trkpt><trkpt lat='42.81986' lon='0.32249'><ele>800</ele><time>2026-07-31T23:30:39Z</time></trkpt><trkpt lat='42.81988' lon='0.32243'><ele>800</ele><time>2026-07-31T23:30:44Z</time></trkpt><trkpt lat='42.81993' lon='0.32239999999999996'><ele>800</ele><time>2026-07-31T23:30:44Z</time></trkpt><trkpt lat='42.8202' lon='0.32183999999999996'><ele>800</ele><time>2026-07-31T23:31:15Z</time></trkpt><trkpt lat='42.82037' lon='0.32154'><ele>800</ele><time>2026-07-31T23:31:33Z</time></trkpt><trkpt lat='42.820769999999996' lon='0.32081'><ele>800</ele><time>2026-07-31T23:32:18Z</time></trkpt><trkpt lat='42.820969999999996' lon='0.32056999999999997'><ele>800</ele><time>2026-07-31T23:32:32Z</time></trkpt><trkpt lat='42.821239999999996' lon='0.31978'><ele>800</ele><time>2026-07-31T23:33:12Z</time></trkpt><trkpt lat='42.821464999999996' lon='0.31921'><ele>800</ele><time>2026-07-31T23:33:44Z</time></trkpt><trkpt lat='42.82169' lon='0.31864'><ele>800</ele><time>2026-07-31T23:34:15Z</time></trkpt><trkpt lat='42.82195' lon='0.31804'><ele>800</ele><time>2026-07-31T23:34:47Z</time></trkpt><trkpt lat='42.82226' lon='0.31729999999999997'><ele>800</ele><time>2026-07-31T23:35:27Z</time></trkpt><trkpt lat='42.822489999999995' lon='0.31688'><ele>800</ele><time>2026-07-31T23:35:50Z</time></trkpt><trkpt lat='42.8232' lon='0.31627'><ele>800</ele><time>2026-07-31T23:36:44Z</time></trkpt><trkpt lat='42.823389999999996' lon='0.31617'><ele>801</ele><time>2026-07-31T23:36:53Z</time></trkpt><trkpt lat='42.82357' lon='0.31612'><ele>801</ele><time>2026-07-31T23:37:06Z</time></trkpt><trkpt lat='42.82353' lon='0.31582'><ele>802</ele><time>2026-07-31T23:37:20Z</time></trkpt><trkpt lat='42.82344' lon='0.31551'><ele>803</ele><time>2026-07-31T23:37:38Z</time></trkpt><trkpt lat='42.82342' lon='0.31499'><ele>806</ele><time>2026-07-31T23:38:00Z</time></trkpt><trkpt lat='42.82344' lon='0.31462999999999997'><ele>807</ele><time>2026-07-31T23:38:18Z</time></trkpt><trkpt lat='42.82365' lon='0.31403'><ele>810</ele><time>2026-07-31T23:38:50Z</time></trkpt><trkpt lat='42.82374' lon='0.31396999999999997'><ele>811</ele><time>2026-07-31T23:38:59Z</time></trkpt><trkpt lat='42.82373' lon='0.31396999999999997'><ele>813</ele><time>2026-07-31T23:38:59Z</time></trkpt><trkpt lat='42.82394' lon='0.31392'><ele>813</ele><time>2026-07-31T23:39:12Z</time></trkpt><trkpt lat='42.824079999999995' lon='0.31393'><ele>814</ele><time>2026-07-31T23:39:21Z</time></trkpt><trkpt lat='42.82422' lon='0.31398'><ele>815</ele><time>2026-07-31T23:39:35Z</time></trkpt><trkpt lat='42.82438' lon='0.31401'><ele>816</ele><time>2026-07-31T23:39:44Z</time></trkpt><trkpt lat='42.825219999999995' lon='0.31403'><ele>818</ele><time>2026-07-31T23:40:38Z</time></trkpt><trkpt lat='42.82546' lon='0.314'><ele>819</ele><time>2026-07-31T23:40:56Z</time></trkpt><trkpt lat='42.82584' lon='0.31384999999999996'><ele>821</ele><time>2026-07-31T23:41:18Z</time></trkpt><trkpt lat='42.8262' lon='0.31379'><ele>822</ele><time>2026-07-31T23:41:45Z</time></trkpt><trkpt lat='42.82622' lon='0.31377'><ele>824</ele><time>2026-07-31T23:41:54Z</time></trkpt><trkpt lat='42.82622' lon='0.31376'><ele>825</ele><time>2026-07-31T23:41:54Z</time></trkpt><trkpt lat='42.8262' lon='0.31373'><ele>826</ele><time>2026-07-31T23:41:59Z</time></trkpt><trkpt lat='42.82575' lon='0.31353'><ele>828</ele><time>2026-07-31T23:42:30Z</time></trkpt><trkpt lat='42.82519' lon='0.31323'><ele>829</ele><time>2026-07-31T23:43:11Z</time></trkpt><trkpt lat='42.824749999999995' lon='0.31290999999999997'><ele>831</ele><time>2026-07-31T23:43:42Z</time></trkpt><trkpt lat='42.82458' lon='0.31281'><ele>832</ele><time>2026-07-31T23:44:00Z</time></trkpt><trkpt lat='42.82454' lon='0.31275'><ele>834</ele><time>2026-07-31T23:44:05Z</time></trkpt><trkpt lat='42.82457' lon='0.31268999999999997'><ele>836</ele><time>2026-07-31T23:44:09Z</time></trkpt><trkpt lat='42.82463' lon='0.31268'><ele>837</ele><time>2026-07-31T23:44:18Z</time></trkpt><trkpt lat='42.82485' lon='0.3127'><ele>840</ele><time>2026-07-31T23:44:32Z</time></trkpt><trkpt lat='42.824839999999995' lon='0.3127'><ele>842</ele><time>2026-07-31T23:44:36Z</time></trkpt><trkpt lat='42.82508' lon='0.31273999999999996'><ele>846</ele><time>2026-07-31T23:45:03Z</time></trkpt><trkpt lat='42.82548' lon='0.31272'><ele>850</ele><time>2026-07-31T23:45:30Z</time></trkpt><trkpt lat='42.826229999999995' lon='0.31251'><ele>857</ele><time>2026-07-31T23:46:20Z</time></trkpt><trkpt lat='42.826429999999995' lon='0.31244'><ele>863</ele><time>2026-07-31T23:46:56Z</time></trkpt><trkpt lat='42.82689' lon='0.31218999999999997'><ele>871</ele><time>2026-07-31T23:47:36Z</time></trkpt><trkpt lat='42.82739' lon='0.31188'><ele>877</ele><time>2026-07-31T23:48:17Z</time></trkpt><trkpt lat='42.82745' lon='0.31179'><ele>881</ele><time>2026-07-31T23:48:35Z</time></trkpt><trkpt lat='42.827439999999996' lon='0.31172'><ele>886</ele><time>2026-07-31T23:48:48Z</time></trkpt><trkpt lat='42.82739' lon='0.31168'><ele>889</ele><time>2026-07-31T23:48:53Z</time></trkpt><trkpt lat='42.827149999999996' lon='0.3117'><ele>891</ele><time>2026-07-31T23:49:15Z</time></trkpt><trkpt lat='42.82714' lon='0.3117'><ele>894</ele><time>2026-07-31T23:49:20Z</time></trkpt><trkpt lat='42.826899999999995' lon='0.3117'><ele>893</ele><time>2026-07-31T23:49:33Z</time></trkpt><trkpt lat='42.82637' lon='0.31162999999999996'><ele>896</ele><time>2026-07-31T23:50:09Z</time></trkpt><trkpt lat='42.825779999999995' lon='0.31182'><ele>894</ele><time>2026-07-31T23:50:50Z</time></trkpt><trkpt lat='42.82561' lon='0.31184999999999996'><ele>896</ele><time>2026-07-31T23:50:59Z</time></trkpt><trkpt lat='42.82551' lon='0.31183'><ele>896</ele><time>2026-07-31T23:51:08Z</time></trkpt><trkpt lat='42.82548' lon='0.31177'><ele>897</ele><time>2026-07-31T23:51:12Z</time></trkpt><trkpt lat='42.82552' lon='0.31172'><ele>901</ele><time>2026-07-31T23:51:12Z</time></trkpt><trkpt lat='42.825579999999995' lon='0.31173999999999996'><ele>903</ele><time>2026-07-31T23:51:26Z</time></trkpt><trkpt lat='42.82577' lon='0.31168999999999997'><ele>911</ele><time>2026-07-31T23:52:02Z</time></trkpt><trkpt lat='42.82595' lon='0.31157999999999997'><ele>916</ele><time>2026-07-31T23:52:29Z</time></trkpt><trkpt lat='42.82642' lon='0.31122'><ele>926</ele><time>2026-07-31T23:53:18Z</time></trkpt><trkpt lat='42.826769999999996' lon='0.3111'><ele>933</ele><time>2026-07-31T23:53:54Z</time></trkpt><trkpt lat='42.826809999999995' lon='0.31107'><ele>943</ele><time>2026-07-31T23:54:03Z</time></trkpt><trkpt lat='42.826989999999995' lon='0.31071'><ele>951</ele><time>2026-07-31T23:54:44Z</time></trkpt><trkpt lat='42.82729' lon='0.31001999999999996'><ele>960</ele><time>2026-07-31T23:55:33Z</time></trkpt><trkpt lat='42.827439999999996' lon='0.30982'><ele>965</ele><time>2026-07-31T23:56:00Z</time></trkpt><trkpt lat='42.827459999999995' lon='0.30976'><ele>971</ele><time>2026-07-31T23:56:14Z</time></trkpt><trkpt lat='42.827439999999996' lon='0.30972'><ele>973</ele><time>2026-07-31T23:56:23Z</time></trkpt><trkpt lat='42.827369999999995' lon='0.30971'><ele>975</ele><time>2026-07-31T23:56:36Z</time></trkpt><trkpt lat='42.826859999999996' lon='0.31034'><ele>977</ele><time>2026-07-31T23:57:21Z</time></trkpt><trkpt lat='42.82663' lon='0.31053'><ele>978</ele><time>2026-07-31T23:57:39Z</time></trkpt><trkpt lat='42.82615' lon='0.31071'><ele>980</ele><time>2026-07-31T23:58:11Z</time></trkpt><trkpt lat='42.82608' lon='0.31073'><ele>981</ele><time>2026-07-31T23:58:29Z</time></trkpt><trkpt lat='42.82606' lon='0.31072'><ele>984</ele><time>2026-07-31T23:58:33Z</time></trkpt><trkpt lat='42.82609' lon='0.31065'><ele>986</ele><time>2026-07-31T23:58:38Z</time></trkpt><trkpt lat='42.82646' lon='0.31033'><ele>989</ele><time>2026-07-31T23:59:09Z</time></trkpt><trkpt lat='42.82655' lon='0.31021'><ele>991</ele><time>2026-07-31T23:59:36Z</time></trkpt><trkpt lat='42.82656' lon='0.3102'><ele>995</ele><time>2026-07-31T23:59:36Z</time></trkpt><trkpt lat='42.826609999999995' lon='0.31016'><ele>996</ele><time>2026-07-31T23:59:45Z</time></trkpt><trkpt lat='42.82685' lon='0.3097'><ele>1001</ele><time>2026-08-01T00:00:12Z</time></trkpt><trkpt lat='42.826989999999995' lon='0.30937'><ele>1002</ele><time>2026-08-01T00:00:30Z</time></trkpt><trkpt lat='42.827149999999996' lon='0.30907999999999997'><ele>1005</ele><time>2026-08-01T00:00:48Z</time></trkpt><trkpt lat='42.82736' lon='0.30861'><ele>1009</ele><time>2026-08-01T00:01:15Z</time></trkpt><trkpt lat='42.82742' lon='0.30840999999999996'><ele>1011</ele><time>2026-08-01T00:01:29Z</time></trkpt><trkpt lat='42.82757' lon='0.30771'><ele>1019</ele><time>2026-08-01T00:02:09Z</time></trkpt><trkpt lat='42.82772' lon='0.30727'><ele>1024</ele><time>2026-08-01T00:02:36Z</time></trkpt><trkpt lat='42.827819999999996' lon='0.30679999999999996'><ele>1033</ele><time>2026-08-01T00:03:21Z</time></trkpt><trkpt lat='42.827929999999995' lon='0.306025'><ele>1041</ele><time>2026-08-01T00:04:06Z</time></trkpt><trkpt lat='42.82804' lon='0.30524999999999997'><ele>1048</ele><time>2026-08-01T00:04:51Z</time></trkpt><trkpt lat='42.82799' lon='0.30518999999999996'><ele>1054</ele><time>2026-08-01T00:05:09Z</time></trkpt><trkpt lat='42.82785' lon='0.30551'><ele>1058</ele><time>2026-08-01T00:05:32Z</time></trkpt><trkpt lat='42.827639999999995' lon='0.30584'><ele>1062</ele><time>2026-08-01T00:05:59Z</time></trkpt><trkpt lat='42.827549999999995' lon='0.30595'><ele>1065</ele><time>2026-08-01T00:06:08Z</time></trkpt><trkpt lat='42.82734' lon='0.30639'><ele>1068</ele><time>2026-08-01T00:06:35Z</time></trkpt><trkpt lat='42.8271' lon='0.30678'><ele>1072</ele><time>2026-08-01T00:07:02Z</time></trkpt><trkpt lat='42.82693' lon='0.30693'><ele>1075</ele><time>2026-08-01T00:07:15Z</time></trkpt><trkpt lat='42.826409999999996' lon='0.30721'><ele>1079</ele><time>2026-08-01T00:07:51Z</time></trkpt><trkpt lat='42.825779999999995' lon='0.30762999999999996'><ele>1081</ele><time>2026-08-01T00:08:41Z</time></trkpt><trkpt lat='42.82555' lon='0.30771'><ele>1084</ele><time>2026-08-01T00:08:54Z</time></trkpt><trkpt lat='42.82551' lon='0.30767'><ele>1088</ele><time>2026-08-01T00:09:08Z</time></trkpt><trkpt lat='42.82552' lon='0.30763999999999997'><ele>1090</ele><time>2026-08-01T00:09:12Z</time></trkpt><trkpt lat='42.825829999999996' lon='0.3074'><ele>1095</ele><time>2026-08-01T00:09:44Z</time></trkpt><trkpt lat='42.82595' lon='0.30724'><ele>1098</ele><time>2026-08-01T00:09:57Z</time></trkpt><trkpt lat='42.826389999999996' lon='0.30651'><ele>1103</ele><time>2026-08-01T00:10:42Z</time></trkpt><trkpt lat='42.82638' lon='0.30644'><ele>1106</ele><time>2026-08-01T00:10:56Z</time></trkpt><trkpt lat='42.82631' lon='0.30646'><ele>1108</ele><time>2026-08-01T00:11:09Z</time></trkpt><trkpt lat='42.825869999999995' lon='0.30695'><ele>1108</ele><time>2026-08-01T00:11:50Z</time></trkpt><trkpt lat='42.825759999999995' lon='0.30702999999999997'><ele>1109</ele><time>2026-08-01T00:11:54Z</time></trkpt><trkpt lat='42.82571' lon='0.30701999999999996'><ele>1110</ele><time>2026-08-01T00:11:59Z</time></trkpt><trkpt lat='42.82571' lon='0.30696'><ele>1112</ele><time>2026-08-01T00:12:03Z</time></trkpt><trkpt lat='42.825829999999996' lon='0.30682'><ele>1115</ele><time>2026-08-01T00:12:17Z</time></trkpt><trkpt lat='42.826049999999995' lon='0.30646999999999996'><ele>1118</ele><time>2026-08-01T00:12:39Z</time></trkpt><trkpt lat='42.8262' lon='0.30612'><ele>1121</ele><time>2026-08-01T00:13:02Z</time></trkpt><trkpt lat='42.826409999999996' lon='0.30574999999999997'><ele>1123</ele><time>2026-08-01T00:13:24Z</time></trkpt><trkpt lat='42.82642' lon='0.30569999999999997'><ele>1125</ele><time>2026-08-01T00:13:33Z</time></trkpt><trkpt lat='42.8264' lon='0.30567'><ele>1127</ele><time>2026-08-01T00:13:38Z</time></trkpt><trkpt lat='42.82638' lon='0.30567'><ele>1128</ele><time>2026-08-01T00:13:42Z</time></trkpt><trkpt lat='42.82595' lon='0.3061'><ele>1130</ele><time>2026-08-01T00:14:14Z</time></trkpt><trkpt lat='42.825739999999996' lon='0.30623'><ele>1131</ele><time>2026-08-01T00:14:32Z</time></trkpt><trkpt lat='42.82566' lon='0.30626'><ele>1133</ele><time>2026-08-01T00:14:41Z</time></trkpt><trkpt lat='42.82548' lon='0.30627'><ele>1134</ele><time>2026-08-01T00:14:50Z</time></trkpt><trkpt lat='42.825199999999995' lon='0.3061'><ele>1137</ele><time>2026-08-01T00:15:12Z</time></trkpt><trkpt lat='42.825179999999996' lon='0.30606'><ele>1138</ele><time>2026-08-01T00:15:21Z</time></trkpt><trkpt lat='42.82521' lon='0.306'><ele>1141</ele><time>2026-08-01T00:15:30Z</time></trkpt><trkpt lat='42.825579999999995' lon='0.30596'><ele>1141</ele><time>2026-08-01T00:15:57Z</time></trkpt><trkpt lat='42.82563' lon='0.30590999999999996'><ele>1143</ele><time>2026-08-01T00:16:02Z</time></trkpt><trkpt lat='42.82563' lon='0.30584'><ele>1144</ele><time>2026-08-01T00:16:02Z</time></trkpt><trkpt lat='42.8256' lon='0.30582'><ele>1145</ele><time>2026-08-01T00:16:06Z</time></trkpt><trkpt lat='42.82539' lon='0.30579999999999996'><ele>1150</ele><time>2026-08-01T00:16:33Z</time></trkpt><trkpt lat='42.82532' lon='0.30576'><ele>1151</ele><time>2026-08-01T00:16:42Z</time></trkpt><trkpt lat='42.82503' lon='0.3055'><ele>1157</ele><time>2026-08-01T00:17:09Z</time></trkpt><trkpt lat='42.825019999999995' lon='0.30549'><ele>1161</ele><time>2026-08-01T00:17:14Z</time></trkpt><trkpt lat='42.82477' lon='0.30527'><ele>1167</ele><time>2026-08-01T00:17:45Z</time></trkpt><trkpt lat='42.82447' lon='0.30485'><ele>1173</ele><time>2026-08-01T00:18:21Z</time></trkpt><trkpt lat='42.82407' lon='0.30418'><ele>1180</ele><time>2026-08-01T00:19:06Z</time></trkpt><trkpt lat='42.82402' lon='0.30396999999999996'><ele>1188</ele><time>2026-08-01T00:19:43Z</time></trkpt><trkpt lat='42.82401' lon='0.30378'><ele>1194</ele><time>2026-08-01T00:20:10Z</time></trkpt><trkpt lat='42.82404' lon='0.30284'><ele>1203</ele><time>2026-08-01T00:21:04Z</time></trkpt><trkpt lat='42.823949999999996' lon='0.3025'><ele>1207</ele><time>2026-08-01T00:21:26Z</time></trkpt><trkpt lat='42.82401' lon='0.30232'><ele>1214</ele><time>2026-08-01T00:21:58Z</time></trkpt><trkpt lat='42.82402' lon='0.30222'><ele>1216</ele><time>2026-08-01T00:22:11Z</time></trkpt><trkpt lat='42.82393' lon='0.30194'><ele>1222</ele><time>2026-08-01T00:22:43Z</time></trkpt><trkpt lat='42.82392' lon='0.30172'><ele>1225</ele><time>2026-08-01T00:22:56Z</time></trkpt><trkpt lat='42.82383' lon='0.30106'><ele>1230</ele><time>2026-08-01T00:23:32Z</time></trkpt><trkpt lat='42.82376' lon='0.30078'><ele>1234</ele><time>2026-08-01T00:23:55Z</time></trkpt><trkpt lat='42.82375' lon='0.3006'><ele>1238</ele><time>2026-08-01T00:24:17Z</time></trkpt><trkpt lat='42.8238' lon='0.30021'><ele>1241</ele><time>2026-08-01T00:24:40Z</time></trkpt><trkpt lat='42.82402' lon='0.29986999999999997'><ele>1245</ele><time>2026-08-01T00:25:02Z</time></trkpt><trkpt lat='42.82419' lon='0.29945'><ele>1248</ele><time>2026-08-01T00:25:29Z</time></trkpt><trkpt lat='42.8244' lon='0.29863999999999996'><ele>1253</ele><time>2026-08-01T00:26:10Z</time></trkpt><trkpt lat='42.824439999999996' lon='0.29836'><ele>1258</ele><time>2026-08-01T00:26:37Z</time></trkpt><trkpt lat='42.824459999999995' lon='0.29766'><ele>1264</ele><time>2026-08-01T00:27:17Z</time></trkpt><trkpt lat='42.824439999999996' lon='0.29692999999999997'><ele>1270</ele><time>2026-08-01T00:27:58Z</time></trkpt><trkpt lat='42.824349999999995' lon='0.2964'><ele>1276</ele><time>2026-08-01T00:28:34Z</time></trkpt><trkpt lat='42.82431' lon='0.29594'><ele>1281</ele><time>2026-08-01T00:29:01Z</time></trkpt><trkpt lat='42.82431' lon='0.29544'><ele>1285</ele><time>2026-08-01T00:29:28Z</time></trkpt><trkpt lat='42.82429' lon='0.29506'><ele>1288</ele><time>2026-08-01T00:29:55Z</time></trkpt><trkpt lat='42.82429' lon='0.29503999999999997'><ele>1290</ele><time>2026-08-01T00:29:55Z</time></trkpt><trkpt lat='42.824279999999995' lon='0.29478'><ele>1293</ele><time>2026-08-01T00:30:08Z</time></trkpt><trkpt lat='42.824259999999995' lon='0.29475999999999997'><ele>1293</ele><time>2026-08-01T00:30:13Z</time></trkpt><trkpt lat='42.82423' lon='0.29477'><ele>1293</ele><time>2026-08-01T00:30:13Z</time></trkpt><trkpt lat='42.82419' lon='0.295'><ele>1292</ele><time>2026-08-01T00:30:26Z</time></trkpt><trkpt lat='42.82411' lon='0.29525'><ele>1291</ele><time>2026-08-01T00:30:35Z</time></trkpt><trkpt lat='42.82403' lon='0.29571'><ele>1290</ele><time>2026-08-01T00:31:02Z</time></trkpt><trkpt lat='42.82402' lon='0.29601'><ele>1289</ele><time>2026-08-01T00:31:16Z</time></trkpt><trkpt lat='42.823989999999995' lon='0.29607'><ele>1288</ele><time>2026-08-01T00:31:16Z</time></trkpt><trkpt lat='42.823949999999996' lon='0.29602999999999996'><ele>1290</ele><time>2026-08-01T00:31:20Z</time></trkpt><trkpt lat='42.82394' lon='0.29599'><ele>1291</ele><time>2026-08-01T00:31:25Z</time></trkpt><trkpt lat='42.823879999999996' lon='0.29547999999999996'><ele>1294</ele><time>2026-08-01T00:31:47Z</time></trkpt><trkpt lat='42.823769999999996' lon='0.29534'><ele>1296</ele><time>2026-08-01T00:32:01Z</time></trkpt><trkpt lat='42.82375' lon='0.29496'><ele>1300</ele><time>2026-08-01T00:32:23Z</time></trkpt><trkpt lat='42.82369' lon='0.29483'><ele>1303</ele><time>2026-08-01T00:32:50Z</time></trkpt><trkpt lat='42.82362' lon='0.29478'><ele>1306</ele><time>2026-08-01T00:33:04Z</time></trkpt><trkpt lat='42.82353' lon='0.29462'><ele>1314</ele><time>2026-08-01T00:33:35Z</time></trkpt><trkpt lat='42.823479999999996' lon='0.29461'><ele>1317</ele><time>2026-08-01T00:33:44Z</time></trkpt><trkpt lat='42.82282' lon='0.29477'><ele>1329</ele><time>2026-08-01T00:34:52Z</time></trkpt><trkpt lat='42.822759999999995' lon='0.29480999999999996'><ele>1335</ele><time>2026-08-01T00:35:05Z</time></trkpt><trkpt lat='42.82266' lon='0.29491999999999996'><ele>1346</ele><time>2026-08-01T00:35:37Z</time></trkpt><trkpt lat='42.82225' lon='0.29547'><ele>1355</ele><time>2026-08-01T00:36:26Z</time></trkpt><trkpt lat='42.822019999999995' lon='0.29563'><ele>1363</ele><time>2026-08-01T00:37:16Z</time></trkpt><trkpt lat='42.8217' lon='0.29568'><ele>1372</ele><time>2026-08-01T00:38:05Z</time></trkpt><trkpt lat='42.821549999999995' lon='0.29561'><ele>1379</ele><time>2026-08-01T00:38:41Z</time></trkpt><trkpt lat='42.821529999999996' lon='0.2956'><ele>1385</ele><time>2026-08-01T00:38:46Z</time></trkpt><trkpt lat='42.8215' lon='0.29558999999999996'><ele>1393</ele><time>2026-08-01T00:38:55Z</time></trkpt><trkpt lat='42.82129' lon='0.2954'><ele>1400</ele><time>2026-08-01T00:39:35Z</time></trkpt><trkpt lat='42.820949999999996' lon='0.29495'><ele>1411</ele><time>2026-08-01T00:40:29Z</time></trkpt><trkpt lat='42.820899999999995' lon='0.29480999999999996'><ele>1420</ele><time>2026-08-01T00:40:56Z</time></trkpt><trkpt lat='42.82065' lon='0.29449'><ele>1434</ele><time>2026-08-01T00:42:08Z</time></trkpt><trkpt lat='42.820425' lon='0.29373'><ele>1447</ele><time>2026-08-01T00:43:11Z</time></trkpt><trkpt lat='42.8202' lon='0.29297'><ele>1462</ele><time>2026-08-01T00:44:28Z</time></trkpt><trkpt lat='42.819939999999995' lon='0.29192'><ele>1473</ele><time>2026-08-01T00:45:31Z</time></trkpt><trkpt lat='42.81961' lon='0.29101'><ele>1486</ele><time>2026-08-01T00:46:38Z</time></trkpt><trkpt lat='42.81961' lon='0.291'><ele>1492</ele><time>2026-08-01T00:46:38Z</time></trkpt><trkpt lat='42.819539999999996' lon='0.29075999999999996'><ele>1500</ele><time>2026-08-01T00:47:19Z</time></trkpt><trkpt lat='42.81951' lon='0.29042'><ele>1503</ele><time>2026-08-01T00:47:46Z</time></trkpt><trkpt lat='42.819469999999995' lon='0.2903'><ele>1507</ele><time>2026-08-01T00:47:55Z</time></trkpt><trkpt lat='42.819449999999996' lon='0.29027'><ele>1508</ele><time>2026-08-01T00:47:59Z</time></trkpt><trkpt lat='42.81942' lon='0.29025999999999996'><ele>1509</ele><time>2026-08-01T00:47:59Z</time></trkpt><trkpt lat='42.81939' lon='0.29031'><ele>1510</ele><time>2026-08-01T00:48:04Z</time></trkpt><trkpt lat='42.81926' lon='0.29086'><ele>1510</ele><time>2026-08-01T00:48:31Z</time></trkpt><trkpt lat='42.81922' lon='0.29117'><ele>1509</ele><time>2026-08-01T00:48:49Z</time></trkpt><trkpt lat='42.81922' lon='0.29146'><ele>1509</ele><time>2026-08-01T00:49:02Z</time></trkpt><trkpt lat='42.81921' lon='0.29151'><ele>1509</ele><time>2026-08-01T00:49:02Z</time></trkpt><trkpt lat='42.81917' lon='0.29153'><ele>1509</ele><time>2026-08-01T00:49:07Z</time></trkpt><trkpt lat='42.81915' lon='0.29147'><ele>1511</ele><time>2026-08-01T00:49:11Z</time></trkpt><trkpt lat='42.81917' lon='0.29109999999999997'><ele>1513</ele><time>2026-08-01T00:49:29Z</time></trkpt><trkpt lat='42.81912' lon='0.29073'><ele>1515</ele><time>2026-08-01T00:49:47Z</time></trkpt><trkpt lat='42.81914' lon='0.29047'><ele>1518</ele><time>2026-08-01T00:50:14Z</time></trkpt><trkpt lat='42.81914' lon='0.29046'><ele>1520</ele><time>2026-08-01T00:50:14Z</time></trkpt><trkpt lat='42.81917' lon='0.28996'><ele>1522</ele><time>2026-08-01T00:50:41Z</time></trkpt><trkpt lat='42.81914' lon='0.28986'><ele>1524</ele><time>2026-08-01T00:50:46Z</time></trkpt><trkpt lat='42.8191' lon='0.28987999999999997'><ele>1526</ele><time>2026-08-01T00:50:50Z</time></trkpt><trkpt lat='42.81879' lon='0.29058999999999996'><ele>1528</ele><time>2026-08-01T00:51:31Z</time></trkpt><trkpt lat='42.81859' lon='0.29094'><ele>1529</ele><time>2026-08-01T00:51:53Z</time></trkpt><trkpt lat='42.81843' lon='0.29123'><ele>1530</ele><time>2026-08-01T00:52:11Z</time></trkpt><trkpt lat='42.8182' lon='0.2914'><ele>1531</ele><time>2026-08-01T00:52:29Z</time></trkpt><trkpt lat='42.817989999999995' lon='0.29145'><ele>1533</ele><time>2026-08-01T00:52:43Z</time></trkpt><trkpt lat='42.81791' lon='0.29142999999999997'><ele>1535</ele><time>2026-08-01T00:52:56Z</time></trkpt><trkpt lat='42.81785' lon='0.29136'><ele>1537</ele><time>2026-08-01T00:53:05Z</time></trkpt><trkpt lat='42.818239999999996' lon='0.29077'><ele>1540</ele><time>2026-08-01T00:53:46Z</time></trkpt><trkpt lat='42.818459999999995' lon='0.29031999999999997'><ele>1543</ele><time>2026-08-01T00:54:13Z</time></trkpt><trkpt lat='42.81859' lon='0.28986999999999996'><ele>1545</ele><time>2026-08-01T00:54:40Z</time></trkpt><trkpt lat='42.81869' lon='0.28919'><ele>1548</ele><time>2026-08-01T00:55:11Z</time></trkpt><trkpt lat='42.81869' lon='0.28918'><ele>1549</ele><time>2026-08-01T00:55:16Z</time></trkpt><trkpt lat='42.818729999999995' lon='0.28886'><ele>1551</ele><time>2026-08-01T00:55:29Z</time></trkpt><trkpt lat='42.818729999999995' lon='0.28868'><ele>1552</ele><time>2026-08-01T00:55:38Z</time></trkpt><trkpt lat='42.81869' lon='0.28861'><ele>1554</ele><time>2026-08-01T00:55:43Z</time></trkpt><trkpt lat='42.81866' lon='0.28864'><ele>1555</ele><time>2026-08-01T00:55:47Z</time></trkpt><trkpt lat='42.81848' lon='0.28920999999999997'><ele>1556</ele><time>2026-08-01T00:56:19Z</time></trkpt><trkpt lat='42.8183' lon='0.2895'><ele>1557</ele><time>2026-08-01T00:56:41Z</time></trkpt><trkpt lat='42.81822' lon='0.28959'><ele>1558</ele><time>2026-08-01T00:56:46Z</time></trkpt><trkpt lat='42.818039999999996' lon='0.28968'><ele>1559</ele><time>2026-08-01T00:56:59Z</time></trkpt><trkpt lat='42.81789' lon='0.28972'><ele>1561</ele><time>2026-08-01T00:57:08Z</time></trkpt><trkpt lat='42.81769' lon='0.28974'><ele>1563</ele><time>2026-08-01T00:57:26Z</time></trkpt><trkpt lat='42.81742' lon='0.28972'><ele>1566</ele><time>2026-08-01T00:57:44Z</time></trkpt><trkpt lat='42.817319999999995' lon='0.28969'><ele>1569</ele><time>2026-08-01T00:58:02Z</time></trkpt><trkpt lat='42.81725' lon='0.28964'><ele>1571</ele><time>2026-08-01T00:58:11Z</time></trkpt><trkpt lat='42.81722' lon='0.28957'><ele>1575</ele><time>2026-08-01T00:58:25Z</time></trkpt><trkpt lat='42.81722' lon='0.28956'><ele>1576</ele><time>2026-08-01T00:58:29Z</time></trkpt><trkpt lat='42.81722' lon='0.28951'><ele>1580</ele><time>2026-08-01T00:58:38Z</time></trkpt><trkpt lat='42.817226' lon='0.289514'><ele>1581</ele><time>2026-08-01T00:58:38Z</time></trkpt><trkpt lat='42.817116' lon='0.28945299999999996'><ele>1584</ele><time>2026-08-01T00:59:05Z</time></trkpt><trkpt lat='42.817' lon='0.289441'><ele>1587</ele><time>2026-08-01T00:59:19Z</time></trkpt><trkpt lat='42.816770999999996' lon='0.289414'><ele>1590</ele><time>2026-08-01T00:59:37Z</time></trkpt><trkpt lat='42.816583' lon='0.289286'><ele>1593</ele><time>2026-08-01T00:59:59Z</time></trkpt><trkpt lat='42.816429' lon='0.28915599999999997'><ele>1597</ele><time>2026-08-01T01:00:13Z</time></trkpt><trkpt lat='42.816249' lon='0.28911'><ele>1600</ele><time>2026-08-01T01:00:31Z</time></trkpt><trkpt lat='42.816050999999995' lon='0.289134'><ele>1602</ele><time>2026-08-01T01:00:44Z</time></trkpt><trkpt lat='42.815925' lon='0.28915199999999996'><ele>1604</ele><time>2026-08-01T01:00:58Z</time></trkpt><trkpt lat='42.815829' lon='0.289198'><ele>1605</ele><time>2026-08-01T01:01:07Z</time></trkpt><trkpt lat='42.815791999999995' lon='0.28924'><ele>1606</ele><time>2026-08-01T01:01:07Z</time></trkpt><trkpt lat='42.81578' lon='0.289217'><ele>1606</ele><time>2026-08-01T01:01:11Z</time></trkpt><trkpt lat='42.815767' lon='0.289228'><ele>1606</ele><time>2026-08-01T01:01:11Z</time></trkpt><trkpt lat='42.815736' lon='0.28923299999999996'><ele>1607</ele><time>2026-08-01T01:01:11Z</time></trkpt><trkpt lat='42.815704' lon='0.289252'><ele>1607</ele><time>2026-08-01T01:01:16Z</time></trkpt><trkpt lat='42.815577999999995' lon='0.289473'><ele>1608</ele><time>2026-08-01T01:01:29Z</time></trkpt><trkpt lat='42.815459' lon='0.289719'><ele>1610</ele><time>2026-08-01T01:01:43Z</time></trkpt><trkpt lat='42.815301999999996' lon='0.290027'><ele>1612</ele><time>2026-08-01T01:02:05Z</time></trkpt><trkpt lat='42.815163' lon='0.290251'><ele>1615</ele><time>2026-08-01T01:02:19Z</time></trkpt><trkpt lat='42.814902' lon='0.290371'><ele>1619</ele><time>2026-08-01T01:02:41Z</time></trkpt><trkpt lat='42.814802' lon='0.29020399999999996'><ele>1623</ele><time>2026-08-01T01:03:04Z</time></trkpt><trkpt lat='42.814538' lon='0.289861'><ele>1627</ele><time>2026-08-01T01:03:31Z</time></trkpt><trkpt lat='42.814619' lon='0.289713'><ele>1629</ele><time>2026-08-01T01:04:02Z</time></trkpt><trkpt lat='42.814592999999995' lon='0.289687'><ele>1634</ele><time>2026-08-01T01:04:07Z</time></trkpt><trkpt lat='42.814688' lon='0.289526'><ele>1634</ele><time>2026-08-01T01:04:20Z</time></trkpt><trkpt lat='42.814586999999996' lon='0.289396'><ele>1637</ele><time>2026-08-01T01:04:29Z</time></trkpt><trkpt lat='42.814591' lon='0.28939699999999996'><ele>1636</ele><time>2026-08-01T01:04:29Z</time></trkpt><trkpt lat='42.814586999999996' lon='0.289396'><ele>1637</ele><time>2026-08-01T01:04:29Z</time></trkpt><trkpt lat='42.814642' lon='0.289337'><ele>1636</ele><time>2026-08-01T01:04:34Z</time></trkpt><trkpt lat='42.814820999999995' lon='0.289109'><ele>1635</ele><time>2026-08-01T01:04:47Z</time></trkpt><trkpt lat='42.815065' lon='0.288709'><ele>1634</ele><time>2026-08-01T01:05:14Z</time></trkpt><trkpt lat='42.815199' lon='0.288545'><ele>1632</ele><time>2026-08-01T01:05:28Z</time></trkpt><trkpt lat='42.815383999999995' lon='0.28842999999999996'><ele>1631</ele><time>2026-08-01T01:05:41Z</time></trkpt><trkpt lat='42.815673' lon='0.288315'><ele>1629</ele><time>2026-08-01T01:05:59Z</time></trkpt><trkpt lat='42.815765' lon='0.288281'><ele>1627</ele><time>2026-08-01T01:06:08Z</time></trkpt><trkpt lat='42.815895999999995' lon='0.288261'><ele>1625</ele><time>2026-08-01T01:06:13Z</time></trkpt><trkpt lat='42.816291' lon='0.288333'><ele>1623</ele><time>2026-08-01T01:06:40Z</time></trkpt><trkpt lat='42.816756999999996' lon='0.288435'><ele>1621</ele><time>2026-08-01T01:07:11Z</time></trkpt><trkpt lat='42.81699' lon='0.288414'><ele>1619</ele><time>2026-08-01T01:07:25Z</time></trkpt><trkpt lat='42.817119' lon='0.288346'><ele>1617</ele><time>2026-08-01T01:07:34Z</time></trkpt><trkpt lat='42.817251' lon='0.28825'><ele>1615</ele><time>2026-08-01T01:07:47Z</time></trkpt><trkpt lat='42.817477' lon='0.28798199999999996'><ele>1613</ele><time>2026-08-01T01:08:05Z</time></trkpt><trkpt lat='42.817614' lon='0.287701'><ele>1611</ele><time>2026-08-01T01:08:23Z</time></trkpt><trkpt lat='42.817645' lon='0.287586'><ele>1610</ele><time>2026-08-01T01:08:28Z</time></trkpt><trkpt lat='42.81771' lon='0.28737999999999997'><ele>1608</ele><time>2026-08-01T01:08:37Z</time></trkpt><trkpt lat='42.81781' lon='0.28706'><ele>1607</ele><time>2026-08-01T01:08:55Z</time></trkpt><trkpt lat='42.817949999999996' lon='0.28687'><ele>1606</ele><time>2026-08-01T01:09:08Z</time></trkpt><trkpt lat='42.81807' lon='0.28679'><ele>1605</ele><time>2026-08-01T01:09:17Z</time></trkpt><trkpt lat='42.8181' lon='0.2867'><ele>1605</ele><time>2026-08-01T01:09:22Z</time></trkpt><trkpt lat='42.81813' lon='0.28645'><ele>1605</ele><time>2026-08-01T01:09:35Z</time></trkpt><trkpt lat='42.818169999999995' lon='0.28635'><ele>1607</ele><time>2026-08-01T01:09:40Z</time></trkpt><trkpt lat='42.818529999999996' lon='0.28597'><ele>1608</ele><time>2026-08-01T01:10:11Z</time></trkpt><trkpt lat='42.818765' lon='0.285265'><ele>1613</ele><time>2026-08-01T01:10:47Z</time></trkpt><trkpt lat='42.818999999999996' lon='0.28456'><ele>1618</ele><time>2026-08-01T01:11:28Z</time></trkpt><trkpt lat='42.819069999999996' lon='0.28415999999999997'><ele>1628</ele><time>2026-08-01T01:12:31Z</time></trkpt><trkpt lat='42.81916' lon='0.28375'><ele>1638</ele><time>2026-08-01T01:13:39Z</time></trkpt><trkpt lat='42.819179999999996' lon='0.283'><ele>1650</ele><time>2026-08-01T01:14:42Z</time></trkpt><trkpt lat='42.81914' lon='0.28225'><ele>1662</ele><time>2026-08-01T01:15:45Z</time></trkpt><trkpt lat='42.81919' lon='0.28204'><ele>1670</ele><time>2026-08-01T01:16:21Z</time></trkpt><trkpt lat='42.8196' lon='0.28102'><ele>1681</ele><time>2026-08-01T01:17:28Z</time></trkpt><trkpt lat='42.81961' lon='0.28086'><ele>1689</ele><time>2026-08-01T01:17:55Z</time></trkpt><trkpt lat='42.81957' lon='0.28064'><ele>1700</ele><time>2026-08-01T01:18:31Z</time></trkpt><trkpt lat='42.81941' lon='0.28013'><ele>1711</ele><time>2026-08-01T01:19:34Z</time></trkpt><trkpt lat='42.819199999999995' lon='0.27929'><ele>1725</ele><time>2026-08-01T01:20:46Z</time></trkpt><trkpt lat='42.81899' lon='0.27869'><ele>1738</ele><time>2026-08-01T01:21:58Z</time></trkpt><trkpt lat='42.81896' lon='0.27837999999999996'><ele>1751</ele><time>2026-08-01T01:22:48Z</time></trkpt><trkpt lat='42.81895' lon='0.27797'><ele>1761</ele><time>2026-08-01T01:23:51Z</time></trkpt><trkpt lat='42.818889999999996' lon='0.2773'><ele>1772</ele><time>2026-08-01T01:24:49Z</time></trkpt><trkpt lat='42.81886' lon='0.27719'><ele>1779</ele><time>2026-08-01T01:25:07Z</time></trkpt><trkpt lat='42.81877' lon='0.27698'><ele>1787</ele><time>2026-08-01T01:25:48Z</time></trkpt><trkpt lat='42.81857' lon='0.27662'><ele>1795</ele><time>2026-08-01T01:26:28Z</time></trkpt><trkpt lat='42.818509999999996' lon='0.27642'><ele>1800</ele><time>2026-08-01T01:27:00Z</time></trkpt><trkpt lat='42.818459999999995' lon='0.27608'><ele>1809</ele><time>2026-08-01T01:27:54Z</time></trkpt><trkpt lat='42.81847' lon='0.2759'><ele>1814</ele><time>2026-08-01T01:28:25Z</time></trkpt><trkpt lat='42.81854' lon='0.27565999999999996'><ele>1821</ele><time>2026-08-01T01:29:06Z</time></trkpt><trkpt lat='42.81868' lon='0.27538'><ele>1826</ele><time>2026-08-01T01:29:33Z</time></trkpt><trkpt lat='42.81922' lon='0.2748'><ele>1830</ele><time>2026-08-01T01:30:22Z</time></trkpt><trkpt lat='42.81935' lon='0.2747'><ele>1832</ele><time>2026-08-01T01:30:36Z</time></trkpt><trkpt lat='42.819489999999995' lon='0.27466999999999997'><ele>1832</ele><time>2026-08-01T01:30:45Z</time></trkpt><trkpt lat='42.81961' lon='0.27463'><ele>1831</ele><time>2026-08-01T01:30:54Z</time></trkpt><trkpt lat='42.81998' lon='0.27459'><ele>1829</ele><time>2026-08-01T01:31:16Z</time></trkpt><trkpt lat='42.82017' lon='0.27453'><ele>1826</ele><time>2026-08-01T01:31:30Z</time></trkpt><trkpt lat='42.82024' lon='0.27448'><ele>1824</ele><time>2026-08-01T01:31:34Z</time></trkpt><trkpt lat='42.820319999999995' lon='0.27437'><ele>1822</ele><time>2026-08-01T01:31:43Z</time></trkpt><trkpt lat='42.82038' lon='0.27421'><ele>1821</ele><time>2026-08-01T01:31:57Z</time></trkpt><trkpt lat='42.82057' lon='0.27327'><ele>1821</ele><time>2026-08-01T01:32:42Z</time></trkpt><trkpt lat='42.82058' lon='0.27305'><ele>1823</ele><time>2026-08-01T01:32:55Z</time></trkpt><trkpt lat='42.82049' lon='0.27194999999999997'><ele>1825</ele><time>2026-08-01T01:33:49Z</time></trkpt><trkpt lat='42.82038' lon='0.2712'><ele>1828</ele><time>2026-08-01T01:34:25Z</time></trkpt><trkpt lat='42.82036' lon='0.27068'><ele>1831</ele><time>2026-08-01T01:34:52Z</time></trkpt><trkpt lat='42.820409999999995' lon='0.27011999999999997'><ele>1833</ele><time>2026-08-01T01:35:19Z</time></trkpt><trkpt lat='42.82042' lon='0.26965'><ele>1834</ele><time>2026-08-01T01:35:46Z</time></trkpt><trkpt lat='42.82029' lon='0.26899'><ele>1838</ele><time>2026-08-01T01:36:18Z</time></trkpt><trkpt lat='42.82024' lon='0.2688'><ele>1839</ele><time>2026-08-01T01:36:31Z</time></trkpt><trkpt lat='42.82006' lon='0.26852'><ele>1845</ele><time>2026-08-01T01:36:58Z</time></trkpt><trkpt lat='42.820049999999995' lon='0.26852'><ele>1847</ele><time>2026-08-01T01:37:03Z</time></trkpt><trkpt lat='42.819869999999995' lon='0.26827'><ele>1854</ele><time>2026-08-01T01:37:57Z</time></trkpt><trkpt lat='42.819739999999996' lon='0.26799'><ele>1858</ele><time>2026-08-01T01:38:19Z</time></trkpt><trkpt lat='42.819579999999995' lon='0.26757'><ele>1865</ele><time>2026-08-01T01:38:55Z</time></trkpt><trkpt lat='42.81953' lon='0.26732'><ele>1868</ele><time>2026-08-01T01:39:13Z</time></trkpt><trkpt lat='42.81952' lon='0.2667'><ele>1872</ele><time>2026-08-01T01:39:45Z</time></trkpt><trkpt lat='42.819559999999996' lon='0.26647'><ele>1874</ele><time>2026-08-01T01:39:58Z</time></trkpt><trkpt lat='42.819559999999996' lon='0.26616999999999996'><ele>1876</ele><time>2026-08-01T01:40:16Z</time></trkpt><trkpt lat='42.81952' lon='0.26594'><ele>1877</ele><time>2026-08-01T01:40:30Z</time></trkpt><trkpt lat='42.819489999999995' lon='0.26563'><ele>1876</ele><time>2026-08-01T01:40:48Z</time></trkpt><trkpt lat='42.8195' lon='0.26557'><ele>1876</ele><time>2026-08-01T01:40:48Z</time></trkpt><trkpt lat='42.81966' lon='0.26527999999999996'><ele>1873</ele><time>2026-08-01T01:41:06Z</time></trkpt><trkpt lat='42.8197' lon='0.26502'><ele>1872</ele><time>2026-08-01T01:41:19Z</time></trkpt><trkpt lat='42.81988' lon='0.26435'><ele>1870</ele><time>2026-08-01T01:41:55Z</time></trkpt><trkpt lat='42.820119999999996' lon='0.26377'><ele>1867</ele><time>2026-08-01T01:42:31Z</time></trkpt><trkpt lat='42.820119999999996' lon='0.26367'><ele>1865</ele><time>2026-08-01T01:42:40Z</time></trkpt><trkpt lat='42.82006' lon='0.26347'><ele>1861</ele><time>2026-08-01T01:42:49Z</time></trkpt><trkpt lat='42.82017' lon='0.26337'><ele>1858</ele><time>2026-08-01T01:42:58Z</time></trkpt><trkpt lat='42.82067' lon='0.2631'><ele>1851</ele><time>2026-08-01T01:43:21Z</time></trkpt><trkpt lat='42.820769999999996' lon='0.26303'><ele>1848</ele><time>2026-08-01T01:43:48Z</time></trkpt><trkpt lat='42.82085' lon='0.26289'><ele>1842</ele><time>2026-08-01T01:44:15Z</time></trkpt><trkpt lat='42.820949999999996' lon='0.26263'><ele>1842</ele><time>2026-08-01T01:44:33Z</time></trkpt><trkpt lat='42.82096' lon='0.26238'><ele>1840</ele><time>2026-08-01T01:44:46Z</time></trkpt><trkpt lat='42.820899999999995' lon='0.26194'><ele>1842</ele><time>2026-08-01T01:45:04Z</time></trkpt><trkpt lat='42.82092' lon='0.2616'><ele>1842</ele><time>2026-08-01T01:45:22Z</time></trkpt><trkpt lat='42.82084' lon='0.26119'><ele>1845</ele><time>2026-08-01T01:45:45Z</time></trkpt><trkpt lat='42.82084' lon='0.26102'><ele>1845</ele><time>2026-08-01T01:45:54Z</time></trkpt><trkpt lat='42.820879999999995' lon='0.26089'><ele>1847</ele><time>2026-08-01T01:45:58Z</time></trkpt><trkpt lat='42.820879999999995' lon='0.26069'><ele>1848</ele><time>2026-08-01T01:46:12Z</time></trkpt><trkpt lat='42.82085' lon='0.26055'><ele>1849</ele><time>2026-08-01T01:46:16Z</time></trkpt><trkpt lat='42.82073' lon='0.26028999999999997'><ele>1851</ele><time>2026-08-01T01:46:34Z</time></trkpt><trkpt lat='42.82071' lon='0.26009'><ele>1852</ele><time>2026-08-01T01:46:48Z</time></trkpt><trkpt lat='42.82073' lon='0.25972999999999996'><ele>1854</ele><time>2026-08-01T01:47:06Z</time></trkpt><trkpt lat='42.82072' lon='0.25959'><ele>1855</ele><time>2026-08-01T01:47:10Z</time></trkpt><trkpt lat='42.82065' lon='0.25931'><ele>1855</ele><time>2026-08-01T01:47:28Z</time></trkpt><trkpt lat='42.82062' lon='0.25905'><ele>1854</ele><time>2026-08-01T01:47:42Z</time></trkpt><trkpt lat='42.82063' lon='0.25887'><ele>1853</ele><time>2026-08-01T01:47:51Z</time></trkpt><trkpt lat='42.8208' lon='0.25822'><ele>1850</ele><time>2026-08-01T01:48:22Z</time></trkpt><trkpt lat='42.821085' lon='0.257505'><ele>1848</ele><time>2026-08-01T01:49:03Z</time></trkpt><trkpt lat='42.821369999999995' lon='0.25678999999999996'><ele>1847</ele><time>2026-08-01T01:49:43Z</time></trkpt><trkpt lat='42.82139' lon='0.2566'><ele>1847</ele><time>2026-08-01T01:49:57Z</time></trkpt><trkpt lat='42.82138' lon='0.25599'><ele>1848</ele><time>2026-08-01T01:50:24Z</time></trkpt><trkpt lat='42.821439999999996' lon='0.25569'><ele>1849</ele><time>2026-08-01T01:50:42Z</time></trkpt><trkpt lat='42.821549999999995' lon='0.25540999999999997'><ele>1849</ele><time>2026-08-01T01:50:55Z</time></trkpt><trkpt lat='42.82167' lon='0.25521'><ele>1852</ele><time>2026-08-01T01:51:09Z</time></trkpt><trkpt lat='42.82197' lon='0.25479999999999997'><ele>1850</ele><time>2026-08-01T01:51:40Z</time></trkpt><trkpt lat='42.82208' lon='0.25427'><ele>1852</ele><time>2026-08-01T01:52:07Z</time></trkpt><trkpt lat='42.822179999999996' lon='0.25401'><ele>1849</ele><time>2026-08-01T01:52:21Z</time></trkpt><trkpt lat='42.822449999999996' lon='0.25372'><ele>1847</ele><time>2026-08-01T01:52:43Z</time></trkpt><trkpt lat='42.822759999999995' lon='0.25344'><ele>1844</ele><time>2026-08-01T01:53:10Z</time></trkpt><trkpt lat='42.82311' lon='0.25305'><ele>1838</ele><time>2026-08-01T01:53:33Z</time></trkpt><trkpt lat='42.82327' lon='0.25293'><ele>1834</ele><time>2026-08-01T01:53:46Z</time></trkpt><trkpt lat='42.82367' lon='0.25273'><ele>1828</ele><time>2026-08-01T01:54:09Z</time></trkpt><trkpt lat='42.82376' lon='0.25265'><ele>1824</ele><time>2026-08-01T01:54:36Z</time></trkpt><trkpt lat='42.82398' lon='0.2524'><ele>1820</ele><time>2026-08-01T01:54:49Z</time></trkpt><trkpt lat='42.82474' lon='0.25177'><ele>1816</ele><time>2026-08-01T01:55:52Z</time></trkpt><trkpt lat='42.82479' lon='0.25175'><ele>1814</ele><time>2026-08-01T01:56:06Z</time></trkpt><trkpt lat='42.82483' lon='0.25176'><ele>1811</ele><time>2026-08-01T01:56:15Z</time></trkpt><trkpt lat='42.82487' lon='0.25181'><ele>1813</ele><time>2026-08-01T01:56:19Z</time></trkpt><trkpt lat='42.824889999999996' lon='0.25188'><ele>1813</ele><time>2026-08-01T01:56:24Z</time></trkpt><trkpt lat='42.825089999999996' lon='0.25125'><ele>1819</ele><time>2026-08-01T01:57:04Z</time></trkpt><trkpt lat='42.825309999999995' lon='0.25011'><ele>1823</ele><time>2026-08-01T01:58:07Z</time></trkpt><trkpt lat='42.82543' lon='0.24922'><ele>1832</ele><time>2026-08-01T01:59:01Z</time></trkpt><trkpt lat='42.825489999999995' lon='0.24896'><ele>1836</ele><time>2026-08-01T01:59:24Z</time></trkpt><trkpt lat='42.82551' lon='0.24875'><ele>1843</ele><time>2026-08-01T02:00:00Z</time></trkpt><trkpt lat='42.82557' lon='0.24861'><ele>1846</ele><time>2026-08-01T02:00:22Z</time></trkpt><trkpt lat='42.82564' lon='0.24852'><ele>1849</ele><time>2026-08-01T02:00:36Z</time></trkpt><trkpt lat='42.825739999999996' lon='0.24847'><ele>1849</ele><time>2026-08-01T02:00:45Z</time></trkpt><trkpt lat='42.82581' lon='0.24847'><ele>1851</ele><time>2026-08-01T02:00:49Z</time></trkpt><trkpt lat='42.82601' lon='0.24852'><ele>1851</ele><time>2026-08-01T02:01:03Z</time></trkpt><trkpt lat='42.826339999999995' lon='0.24869'><ele>1852</ele><time>2026-08-01T02:01:30Z</time></trkpt><trkpt lat='42.826699999999995' lon='0.24885'><ele>1853</ele><time>2026-08-01T02:01:52Z</time></trkpt><trkpt lat='42.82669' lon='0.24885'><ele>1853</ele><time>2026-08-01T02:01:57Z</time></trkpt><trkpt lat='42.82741' lon='0.24917'><ele>1855</ele><time>2026-08-01T02:02:46Z</time></trkpt><trkpt lat='42.82787' lon='0.24930999999999998'><ele>1857</ele><time>2026-08-01T02:03:18Z</time></trkpt><trkpt lat='42.827999999999996' lon='0.24933'><ele>1860</ele><time>2026-08-01T02:03:36Z</time></trkpt><trkpt lat='42.82819' lon='0.2493'><ele>1865</ele><time>2026-08-01T02:04:03Z</time></trkpt><trkpt lat='42.828379999999996' lon='0.24922999999999998'><ele>1871</ele><time>2026-08-01T02:04:44Z</time></trkpt><trkpt lat='42.82868' lon='0.24905'><ele>1881</ele><time>2026-08-01T02:05:47Z</time></trkpt><trkpt lat='42.82898' lon='0.24875999999999998'><ele>1891</ele><time>2026-08-01T02:06:45Z</time></trkpt><trkpt lat='42.82926' lon='0.24825999999999998'><ele>1902</ele><time>2026-08-01T02:07:44Z</time></trkpt><trkpt lat='42.82954' lon='0.24775999999999998'><ele>1912</ele><time>2026-08-01T02:08:38Z</time></trkpt><trkpt lat='42.82974' lon='0.24749'><ele>1919</ele><time>2026-08-01T02:09:18Z</time></trkpt><trkpt lat='42.83021' lon='0.24714'><ele>1924</ele><time>2026-08-01T02:09:59Z</time></trkpt><trkpt lat='42.83042' lon='0.24708'><ele>1928</ele><time>2026-08-01T02:10:21Z</time></trkpt><trkpt lat='42.83104' lon='0.24706999999999998'><ele>1929</ele><time>2026-08-01T02:11:06Z</time></trkpt><trkpt lat='42.831469999999996' lon='0.24702'><ele>1932</ele><time>2026-08-01T02:11:38Z</time></trkpt><trkpt lat='42.831599999999995' lon='0.24694999999999998'><ele>1934</ele><time>2026-08-01T02:11:56Z</time></trkpt><trkpt lat='42.83179' lon='0.24681'><ele>1940</ele><time>2026-08-01T02:12:18Z</time></trkpt><trkpt lat='42.83193' lon='0.24667'><ele>1945</ele><time>2026-08-01T02:12:50Z</time></trkpt><trkpt lat='42.83218' lon='0.24627'><ele>1955</ele><time>2026-08-01T02:13:44Z</time></trkpt><trkpt lat='42.83238' lon='0.24589'><ele>1963</ele><time>2026-08-01T02:14:29Z</time></trkpt><trkpt lat='42.83271' lon='0.24511'><ele>1977</ele><time>2026-08-01T02:15:41Z</time></trkpt><trkpt lat='42.83283' lon='0.24492'><ele>1988</ele><time>2026-08-01T02:16:21Z</time></trkpt><trkpt lat='42.83309' lon='0.24386'><ele>2003</ele><time>2026-08-01T02:17:42Z</time></trkpt><trkpt lat='42.833349999999996' lon='0.2428'><ele>2018</ele><time>2026-08-01T02:19:03Z</time></trkpt><trkpt lat='42.8334' lon='0.24247'><ele>2032</ele><time>2026-08-01T02:19:57Z</time></trkpt><trkpt lat='42.83345' lon='0.24183'><ele>2048</ele><time>2026-08-01T02:21:41Z</time></trkpt><trkpt lat='42.833439999999996' lon='0.24133'><ele>2060</ele><time>2026-08-01T02:23:02Z</time></trkpt><trkpt lat='42.83338' lon='0.24103999999999998'><ele>2073</ele><time>2026-08-01T02:23:51Z</time></trkpt><trkpt lat='42.833279999999995' lon='0.24078999999999998'><ele>2085</ele><time>2026-08-01T02:24:41Z</time></trkpt><trkpt lat='42.83314' lon='0.24061'><ele>2093</ele><time>2026-08-01T02:25:21Z</time></trkpt><trkpt lat='42.83275' lon='0.24031999999999998'><ele>2104</ele><time>2026-08-01T02:26:20Z</time></trkpt><trkpt lat='42.83271' lon='0.24023'><ele>2109</ele><time>2026-08-01T02:26:38Z</time></trkpt><trkpt lat='42.832719999999995' lon='0.24014'><ele>2118</ele><time>2026-08-01T02:26:56Z</time></trkpt><trkpt lat='42.83278' lon='0.23998'><ele>2123</ele><time>2026-08-01T02:27:23Z</time></trkpt><trkpt lat='42.83312' lon='0.23947'><ele>2130</ele><time>2026-08-01T02:28:08Z</time></trkpt><trkpt lat='42.833459999999995' lon='0.23908'><ele>2135</ele><time>2026-08-01T02:28:44Z</time></trkpt><trkpt lat='42.833549999999995' lon='0.23904999999999998'><ele>2139</ele><time>2026-08-01T02:29:06Z</time></trkpt><trkpt lat='42.83363' lon='0.23898'><ele>2143</ele><time>2026-08-01T02:29:29Z</time></trkpt><trkpt lat='42.833729999999996' lon='0.23895999999999998'><ele>2145</ele><time>2026-08-01T02:29:42Z</time></trkpt><trkpt lat='42.833929999999995' lon='0.23881'><ele>2149</ele><time>2026-08-01T02:30:00Z</time></trkpt><trkpt lat='42.834109999999995' lon='0.23873999999999998'><ele>2152</ele><time>2026-08-01T02:30:27Z</time></trkpt><trkpt lat='42.83425' lon='0.23859999999999998'><ele>2158</ele><time>2026-08-01T02:30:50Z</time></trkpt><trkpt lat='42.83439' lon='0.23840999999999998'><ele>2161</ele><time>2026-08-01T02:31:12Z</time></trkpt><trkpt lat='42.8345' lon='0.23806999999999998'><ele>2168</ele><time>2026-08-01T02:31:44Z</time></trkpt><trkpt lat='42.8345' lon='0.23806'><ele>2173</ele><time>2026-08-01T02:31:48Z</time></trkpt><trkpt lat='42.83454' lon='0.23787999999999998'><ele>2179</ele><time>2026-08-01T02:32:20Z</time></trkpt><trkpt lat='42.83457' lon='0.23754'><ele>2185</ele><time>2026-08-01T02:32:51Z</time></trkpt><trkpt lat='42.83454' lon='0.23729'><ele>2189</ele><time>2026-08-01T02:33:14Z</time></trkpt><trkpt lat='42.834309999999995' lon='0.23697'><ele>2195</ele><time>2026-08-01T02:33:45Z</time></trkpt><trkpt lat='42.83419' lon='0.23687'><ele>2198</ele><time>2026-08-01T02:33:59Z</time></trkpt><trkpt lat='42.833529999999996' lon='0.23665999999999998'><ele>2203</ele><time>2026-08-01T02:34:44Z</time></trkpt><trkpt lat='42.83311' lon='0.23648999999999998'><ele>2205</ele><time>2026-08-01T02:35:15Z</time></trkpt><trkpt lat='42.833000999999996' lon='0.236337'><ele>2207</ele><time>2026-08-01T02:35:29Z</time></trkpt><trkpt lat='42.832831999999996' lon='0.23605299999999999'><ele>2209</ele><time>2026-08-01T02:35:51Z</time></trkpt><trkpt lat='42.832429999999995' lon='0.23540999999999998'><ele>2210</ele><time>2026-08-01T02:36:32Z</time></trkpt><trkpt lat='42.83236' lon='0.23535999999999999'><ele>2209</ele><time>2026-08-01T02:36:36Z</time></trkpt><trkpt lat='42.83197' lon='0.23471999999999998'><ele>2208</ele><time>2026-08-01T02:37:21Z</time></trkpt><trkpt lat='42.8317' lon='0.23442'><ele>2206</ele><time>2026-08-01T02:37:44Z</time></trkpt><trkpt lat='42.831579999999995' lon='0.23421'><ele>2203</ele><time>2026-08-01T02:37:57Z</time></trkpt><trkpt lat='42.83143' lon='0.23407'><ele>2200</ele><time>2026-08-01T02:38:11Z</time></trkpt><trkpt lat='42.83136' lon='0.23395'><ele>2197</ele><time>2026-08-01T02:38:15Z</time></trkpt><trkpt lat='42.83125' lon='0.2336'><ele>2193</ele><time>2026-08-01T02:38:29Z</time></trkpt><trkpt lat='42.83105' lon='0.23309'><ele>2189</ele><time>2026-08-01T02:39:00Z</time></trkpt><trkpt lat='42.83081' lon='0.23268'><ele>2184</ele><time>2026-08-01T02:39:18Z</time></trkpt><trkpt lat='42.83072' lon='0.23242'><ele>2179</ele><time>2026-08-01T02:39:36Z</time></trkpt><trkpt lat='42.83063' lon='0.23207'><ele>2174</ele><time>2026-08-01T02:39:54Z</time></trkpt><trkpt lat='42.830369999999995' lon='0.23138999999999998'><ele>2167</ele><time>2026-08-01T02:40:21Z</time></trkpt><trkpt lat='42.83033' lon='0.23118999999999998'><ele>2162</ele><time>2026-08-01T02:40:44Z</time></trkpt><trkpt lat='42.83023' lon='0.23107'><ele>2153</ele><time>2026-08-01T02:41:15Z</time></trkpt><trkpt lat='42.829834999999996' lon='0.23029'><ele>2146</ele><time>2026-08-01T02:42:00Z</time></trkpt><trkpt lat='42.82944' lon='0.22951'><ele>2137</ele><time>2026-08-01T02:42:32Z</time></trkpt><trkpt lat='42.82917' lon='0.22885999999999998'><ele>2130</ele><time>2026-08-01T02:42:59Z</time></trkpt><trkpt lat='42.82904' lon='0.22837'><ele>2122</ele><time>2026-08-01T02:43:21Z</time></trkpt><trkpt lat='42.829049999999995' lon='0.22838'><ele>2115</ele><time>2026-08-01T02:43:26Z</time></trkpt><trkpt lat='42.829' lon='0.22818'><ele>2108</ele><time>2026-08-01T02:44:02Z</time></trkpt><trkpt lat='42.8288' lon='0.22699999999999998'><ele>2100</ele><time>2026-08-01T02:45:05Z</time></trkpt><trkpt lat='42.8286' lon='0.22582'><ele>2091</ele><time>2026-08-01T02:45:59Z</time></trkpt><trkpt lat='42.82854' lon='0.225125'><ele>2082</ele><time>2026-08-01T02:46:26Z</time></trkpt><trkpt lat='42.82848' lon='0.22443'><ele>2074</ele><time>2026-08-01T02:46:53Z</time></trkpt><trkpt lat='42.828489999999995' lon='0.22396'><ele>2065</ele><time>2026-08-01T02:47:20Z</time></trkpt><trkpt lat='42.82852' lon='0.22383'><ele>2060</ele><time>2026-08-01T02:47:42Z</time></trkpt><trkpt lat='42.82848' lon='0.22322999999999998'><ele>2054</ele><time>2026-08-01T02:48:05Z</time></trkpt><trkpt lat='42.82843' lon='0.22291'><ele>2051</ele><time>2026-08-01T02:48:18Z</time></trkpt><trkpt lat='42.82833' lon='0.22255999999999998'><ele>2047</ele><time>2026-08-01T02:48:27Z</time></trkpt><trkpt lat='42.82833' lon='0.22236'><ele>2045</ele><time>2026-08-01T02:48:41Z</time></trkpt><trkpt lat='42.828413999999995' lon='0.222076'><ele>2038.7</ele><time>2026-08-01T02:48:54Z</time></trkpt><trkpt lat='42.828437' lon='0.221883'><ele>2038.62</ele><time>2026-08-01T02:49:08Z</time></trkpt><trkpt lat='42.82843' lon='0.22174'><ele>2041</ele><time>2026-08-01T02:49:12Z</time></trkpt><trkpt lat='42.82839' lon='0.221384'><ele>2035.64</ele><time>2026-08-01T02:49:30Z</time></trkpt><trkpt lat='42.828398' lon='0.22095499999999998'><ele>2040</ele><time>2026-08-01T02:49:53Z</time></trkpt><trkpt lat='42.828385999999995' lon='0.22061699999999998'><ele>2039</ele><time>2026-08-01T02:50:11Z</time></trkpt><trkpt lat='42.828441' lon='0.22062199999999998'><ele>2039</ele><time>2026-08-01T02:50:15Z</time></trkpt><trkpt lat='42.828441' lon='0.22053699999999998'><ele>2039</ele><time>2026-08-01T02:50:20Z</time></trkpt><trkpt lat='42.828418' lon='0.22031699999999999'><ele>2040</ele><time>2026-08-01T02:50:33Z</time></trkpt><trkpt lat='42.82839' lon='0.220102'><ele>2041</ele><time>2026-08-01T02:50:42Z</time></trkpt><trkpt lat='42.82844' lon='0.21975999999999998'><ele>2043</ele><time>2026-08-01T02:51:00Z</time></trkpt><trkpt lat='42.82871' lon='0.21896'><ele>2046</ele><time>2026-08-01T02:51:50Z</time></trkpt><trkpt lat='42.82889' lon='0.21832'><ele>2050</ele><time>2026-08-01T02:52:21Z</time></trkpt><trkpt lat='42.8291' lon='0.21772'><ele>2054</ele><time>2026-08-01T02:52:57Z</time></trkpt><trkpt lat='42.829209999999996' lon='0.21724'><ele>2058</ele><time>2026-08-01T02:53:29Z</time></trkpt><trkpt lat='42.82924' lon='0.21686'><ele>2060</ele><time>2026-08-01T02:53:51Z</time></trkpt><trkpt lat='42.8292' lon='0.21661'><ele>2062</ele><time>2026-08-01T02:54:05Z</time></trkpt><trkpt lat='42.8291' lon='0.21641'><ele>2063</ele><time>2026-08-01T02:54:18Z</time></trkpt><trkpt lat='42.82908' lon='0.21633'><ele>2064</ele><time>2026-08-01T02:54:23Z</time></trkpt><trkpt lat='42.82908' lon='0.21608'><ele>2065</ele><time>2026-08-01T02:54:36Z</time></trkpt><trkpt lat='42.82915' lon='0.21574'><ele>2066</ele><time>2026-08-01T02:54:54Z</time></trkpt><trkpt lat='42.82924' lon='0.21486999999999998'><ele>2068</ele><time>2026-08-01T02:55:44Z</time></trkpt><trkpt lat='42.82924' lon='0.21456999999999998'><ele>2071</ele><time>2026-08-01T02:55:58Z</time></trkpt><trkpt lat='42.82924' lon='0.21456'><ele>2074</ele><time>2026-08-01T02:56:02Z</time></trkpt><trkpt lat='42.829299999999996' lon='0.21422'><ele>2078</ele><time>2026-08-01T02:56:38Z</time></trkpt><trkpt lat='42.82955' lon='0.21384'><ele>2083</ele><time>2026-08-01T02:57:10Z</time></trkpt><trkpt lat='42.82982' lon='0.21353'><ele>2088</ele><time>2026-08-01T02:57:41Z</time></trkpt><trkpt lat='42.82996' lon='0.21350999999999998'><ele>2093</ele><time>2026-08-01T02:58:13Z</time></trkpt><trkpt lat='42.830079999999995' lon='0.21355'><ele>2097</ele><time>2026-08-01T02:58:44Z</time></trkpt><trkpt lat='42.830149999999996' lon='0.21352'><ele>2099</ele><time>2026-08-01T02:58:53Z</time></trkpt><trkpt lat='42.83022' lon='0.21333'><ele>2101</ele><time>2026-08-01T02:59:07Z</time></trkpt><trkpt lat='42.83025' lon='0.21317999999999998'><ele>2102</ele><time>2026-08-01T02:59:16Z</time></trkpt><trkpt lat='42.83025' lon='0.21305'><ele>2103</ele><time>2026-08-01T02:59:25Z</time></trkpt><trkpt lat='42.83031' lon='0.21277'><ele>2105</ele><time>2026-08-01T02:59:38Z</time></trkpt><trkpt lat='42.8304' lon='0.21255'><ele>2107</ele><time>2026-08-01T02:59:52Z</time></trkpt><trkpt lat='42.830749999999995' lon='0.21214'><ele>2111</ele><time>2026-08-01T03:00:28Z</time></trkpt><trkpt lat='42.83087' lon='0.21206'><ele>2114</ele><time>2026-08-01T03:00:41Z</time></trkpt><trkpt lat='42.831089999999996' lon='0.21181'><ele>2118</ele><time>2026-08-01T03:01:08Z</time></trkpt><trkpt lat='42.83134' lon='0.21137'><ele>2122</ele><time>2026-08-01T03:01:40Z</time></trkpt><trkpt lat='42.83162' lon='0.21076'><ele>2122</ele><time>2026-08-01T03:02:20Z</time></trkpt><trkpt lat='42.831689999999995' lon='0.21067999999999998'><ele>2124</ele><time>2026-08-01T03:02:25Z</time></trkpt><trkpt lat='42.83172' lon='0.21062'><ele>2121</ele><time>2026-08-01T03:02:29Z</time></trkpt><trkpt lat='42.83179' lon='0.21055'><ele>2121</ele><time>2026-08-01T03:02:34Z</time></trkpt><trkpt lat='42.83211' lon='0.21012'><ele>2118</ele><time>2026-08-01T03:03:05Z</time></trkpt><trkpt lat='42.832679999999996' lon='0.20975'><ele>2119</ele><time>2026-08-01T03:03:50Z</time></trkpt><trkpt lat='42.832989999999995' lon='0.20967'><ele>2118</ele><time>2026-08-01T03:04:13Z</time></trkpt><trkpt lat='42.833459999999995' lon='0.20965999999999999'><ele>2119</ele><time>2026-08-01T03:04:49Z</time></trkpt><trkpt lat='42.83363' lon='0.20955'><ele>2117</ele><time>2026-08-01T03:05:02Z</time></trkpt><trkpt lat='42.8337' lon='0.20942'><ele>2116</ele><time>2026-08-01T03:05:11Z</time></trkpt><trkpt lat='42.83396' lon='0.20926'><ele>2114</ele><time>2026-08-01T03:05:29Z</time></trkpt><trkpt lat='42.834109999999995' lon='0.20912999999999998'><ele>2111</ele><time>2026-08-01T03:05:43Z</time></trkpt><trkpt lat='42.83423' lon='0.20909999999999998'><ele>2108</ele><time>2026-08-01T03:05:47Z</time></trkpt><trkpt lat='42.83427' lon='0.20906999999999998'><ele>2106</ele><time>2026-08-01T03:05:52Z</time></trkpt><trkpt lat='42.83437' lon='0.20890999999999998'><ele>2104</ele><time>2026-08-01T03:06:01Z</time></trkpt><trkpt lat='42.83443' lon='0.20887999999999998'><ele>2104</ele><time>2026-08-01T03:06:05Z</time></trkpt><trkpt lat='42.83453' lon='0.20887999999999998'><ele>2103</ele><time>2026-08-01T03:06:14Z</time></trkpt><trkpt lat='42.834689999999995' lon='0.20895'><ele>2106</ele><time>2026-08-01T03:06:28Z</time></trkpt><trkpt lat='42.834849999999996' lon='0.20890999999999998'><ele>2106</ele><time>2026-08-01T03:06:37Z</time></trkpt><trkpt lat='42.83499' lon='0.20897'><ele>2109</ele><time>2026-08-01T03:06:50Z</time></trkpt><trkpt lat='42.83504' lon='0.20897'><ele>2109</ele><time>2026-08-01T03:06:55Z</time></trkpt><trkpt lat='42.83508' lon='0.20895999999999998'><ele>2111</ele><time>2026-08-01T03:06:59Z</time></trkpt><trkpt lat='42.8352' lon='0.20884999999999998'><ele>2111</ele><time>2026-08-01T03:07:08Z</time></trkpt><trkpt lat='42.835409999999996' lon='0.20881999999999998'><ele>2113</ele><time>2026-08-01T03:07:26Z</time></trkpt><trkpt lat='42.83558' lon='0.20875'><ele>2114</ele><time>2026-08-01T03:07:40Z</time></trkpt><trkpt lat='42.83578' lon='0.20870999999999998'><ele>2116</ele><time>2026-08-01T03:07:53Z</time></trkpt><trkpt lat='42.83594' lon='0.20865'><ele>2118</ele><time>2026-08-01T03:08:07Z</time></trkpt><trkpt lat='42.83612' lon='0.20862999999999998'><ele>2120</ele><time>2026-08-01T03:08:20Z</time></trkpt><trkpt lat='42.836439999999996' lon='0.20864'><ele>2123</ele><time>2026-08-01T03:08:47Z</time></trkpt><trkpt lat='42.836529999999996' lon='0.20865999999999998'><ele>2126</ele><time>2026-08-01T03:09:01Z</time></trkpt><trkpt lat='42.83667' lon='0.20864'><ele>2128</ele><time>2026-08-01T03:09:14Z</time></trkpt><trkpt lat='42.8368' lon='0.20870999999999998'><ele>2131</ele><time>2026-08-01T03:09:32Z</time></trkpt><trkpt lat='42.836909999999996' lon='0.20869'><ele>2131</ele><time>2026-08-01T03:09:41Z</time></trkpt><trkpt lat='42.836999999999996' lon='0.20870999999999998'><ele>2134</ele><time>2026-08-01T03:09:50Z</time></trkpt><trkpt lat='42.83705' lon='0.20865999999999998'><ele>2133</ele><time>2026-08-01T03:09:55Z</time></trkpt><trkpt lat='42.83706' lon='0.20865'><ele>2134</ele><time>2026-08-01T03:09:59Z</time></trkpt><trkpt lat='42.837199999999996' lon='0.20854999999999999'><ele>2133</ele><time>2026-08-01T03:10:08Z</time></trkpt><trkpt lat='42.83726' lon='0.20853'><ele>2133</ele><time>2026-08-01T03:10:13Z</time></trkpt><trkpt lat='42.83728' lon='0.2085'><ele>2132</ele><time>2026-08-01T03:10:17Z</time></trkpt><trkpt lat='42.83735' lon='0.20848'><ele>2134</ele><time>2026-08-01T03:10:22Z</time></trkpt><trkpt lat='42.837559999999996' lon='0.20833'><ele>2134</ele><time>2026-08-01T03:10:35Z</time></trkpt><trkpt lat='42.837689999999995' lon='0.20826999999999998'><ele>2137</ele><time>2026-08-01T03:10:49Z</time></trkpt><trkpt lat='42.83801' lon='0.20825'><ele>2139</ele><time>2026-08-01T03:11:11Z</time></trkpt><trkpt lat='42.83822' lon='0.20831999999999998'><ele>2142</ele><time>2026-08-01T03:11:29Z</time></trkpt><trkpt lat='42.83838' lon='0.20834'><ele>2144</ele><time>2026-08-01T03:11:43Z</time></trkpt><trkpt lat='42.838609999999996' lon='0.20829999999999999'><ele>2146</ele><time>2026-08-01T03:12:01Z</time></trkpt><trkpt lat='42.83889' lon='0.20812999999999998'><ele>2146</ele><time>2026-08-01T03:12:23Z</time></trkpt><trkpt lat='42.83902' lon='0.20811'><ele>2147</ele><time>2026-08-01T03:12:32Z</time></trkpt><trkpt lat='42.83916' lon='0.20817'><ele>2147</ele><time>2026-08-01T03:12:41Z</time></trkpt><trkpt lat='42.839259999999996' lon='0.20825'><ele>2147</ele><time>2026-08-01T03:12:50Z</time></trkpt><trkpt lat='42.839349999999996' lon='0.20828'><ele>2148</ele><time>2026-08-01T03:12:59Z</time></trkpt><trkpt lat='42.83962' lon='0.20823'><ele>2147</ele><time>2026-08-01T03:13:22Z</time></trkpt><trkpt lat='42.83988' lon='0.20834'><ele>2149</ele><time>2026-08-01T03:13:40Z</time></trkpt><trkpt lat='42.83999' lon='0.20837'><ele>2148</ele><time>2026-08-01T03:13:49Z</time></trkpt><trkpt lat='42.84008' lon='0.20845'><ele>2149</ele><time>2026-08-01T03:13:58Z</time></trkpt><trkpt lat='42.84017' lon='0.2085'><ele>2149</ele><time>2026-08-01T03:14:02Z</time></trkpt><trkpt lat='42.84027' lon='0.2085'><ele>2149</ele><time>2026-08-01T03:14:11Z</time></trkpt><trkpt lat='42.840309999999995' lon='0.20851999999999998'><ele>2149</ele><time>2026-08-01T03:14:11Z</time></trkpt><trkpt lat='42.840469999999996' lon='0.2085'><ele>2148</ele><time>2026-08-01T03:14:25Z</time></trkpt><trkpt lat='42.84073' lon='0.20867'><ele>2148</ele><time>2026-08-01T03:14:47Z</time></trkpt><trkpt lat='42.840869999999995' lon='0.20879'><ele>2148</ele><time>2026-08-01T03:14:56Z</time></trkpt><trkpt lat='42.84101' lon='0.20884'><ele>2148</ele><time>2026-08-01T03:15:05Z</time></trkpt><trkpt lat='42.84108' lon='0.20883'><ele>2147</ele><time>2026-08-01T03:15:10Z</time></trkpt><trkpt lat='42.8411' lon='0.20886'><ele>2147</ele><time>2026-08-01T03:15:14Z</time></trkpt><trkpt lat='42.84117' lon='0.20887999999999998'><ele>2146</ele><time>2026-08-01T03:15:19Z</time></trkpt><trkpt lat='42.84131' lon='0.20903'><ele>2146</ele><time>2026-08-01T03:15:32Z</time></trkpt><trkpt lat='42.84142' lon='0.20904'><ele>2145</ele><time>2026-08-01T03:15:41Z</time></trkpt><trkpt lat='42.84148' lon='0.20898999999999998'><ele>2145</ele><time>2026-08-01T03:15:46Z</time></trkpt><trkpt lat='42.84153' lon='0.20898'><ele>2144</ele><time>2026-08-01T03:15:50Z</time></trkpt><trkpt lat='42.84156' lon='0.209'><ele>2143</ele><time>2026-08-01T03:15:55Z</time></trkpt><trkpt lat='42.841609999999996' lon='0.20898999999999998'><ele>2144</ele><time>2026-08-01T03:15:59Z</time></trkpt><trkpt lat='42.84171' lon='0.20904'><ele>2144</ele><time>2026-08-01T03:16:04Z</time></trkpt><trkpt lat='42.84186' lon='0.20919'><ele>2145</ele><time>2026-08-01T03:16:17Z</time></trkpt><trkpt lat='42.84193' lon='0.20919'><ele>2146</ele><time>2026-08-01T03:16:22Z</time></trkpt><trkpt lat='42.84209' lon='0.20928'><ele>2149</ele><time>2026-08-01T03:16:35Z</time></trkpt><trkpt lat='42.842259999999996' lon='0.20945999999999998'><ele>2151</ele><time>2026-08-01T03:16:53Z</time></trkpt><trkpt lat='42.8423' lon='0.20956999999999998'><ele>2153</ele><time>2026-08-01T03:17:02Z</time></trkpt><trkpt lat='42.84236' lon='0.20964'><ele>2155</ele><time>2026-08-01T03:17:16Z</time></trkpt><trkpt lat='42.84245' lon='0.2097'><ele>2158</ele><time>2026-08-01T03:17:34Z</time></trkpt><trkpt lat='42.84256' lon='0.2097'><ele>2159</ele><time>2026-08-01T03:17:47Z</time></trkpt><trkpt lat='42.84269' lon='0.20976'><ele>2162</ele><time>2026-08-01T03:18:01Z</time></trkpt><trkpt lat='42.84277' lon='0.20983'><ele>2165</ele><time>2026-08-01T03:18:14Z</time></trkpt><trkpt lat='42.843019999999996' lon='0.20995999999999998'><ele>2168</ele><time>2026-08-01T03:18:37Z</time></trkpt><trkpt lat='42.843399999999995' lon='0.21028999999999998'><ele>2172</ele><time>2026-08-01T03:19:13Z</time></trkpt><trkpt lat='42.843419999999995' lon='0.21037'><ele>2175</ele><time>2026-08-01T03:19:31Z</time></trkpt><trkpt lat='42.843509999999995' lon='0.21044'><ele>2178</ele><time>2026-08-01T03:19:53Z</time></trkpt><trkpt lat='42.84353' lon='0.21045'><ele>2179</ele><time>2026-08-01T03:19:58Z</time></trkpt><trkpt lat='42.84362' lon='0.21051999999999998'><ele>2179</ele><time>2026-08-01T03:20:02Z</time></trkpt><trkpt lat='42.84366' lon='0.21051999999999998'><ele>2179</ele><time>2026-08-01T03:20:07Z</time></trkpt><trkpt lat='42.843759999999996' lon='0.21044'><ele>2177</ele><time>2026-08-01T03:20:16Z</time></trkpt><trkpt lat='42.843959999999996' lon='0.21033'><ele>2175</ele><time>2026-08-01T03:20:29Z</time></trkpt><trkpt lat='42.84408' lon='0.21028999999999998'><ele>2173</ele><time>2026-08-01T03:20:38Z</time></trkpt><trkpt lat='42.8443' lon='0.2103'><ele>2172</ele><time>2026-08-01T03:20:52Z</time></trkpt><trkpt lat='42.84438' lon='0.21028999999999998'><ele>2170</ele><time>2026-08-01T03:20:56Z</time></trkpt><trkpt lat='42.84442' lon='0.21033'><ele>2169</ele><time>2026-08-01T03:21:01Z</time></trkpt><trkpt lat='42.844519999999996' lon='0.21026999999999998'><ele>2168</ele><time>2026-08-01T03:21:10Z</time></trkpt><trkpt lat='42.84455' lon='0.21026999999999998'><ele>2168</ele><time>2026-08-01T03:21:14Z</time></trkpt><trkpt lat='42.8448' lon='0.21055'><ele>2170</ele><time>2026-08-01T03:21:37Z</time></trkpt><trkpt lat='42.84486' lon='0.21058'><ele>2170</ele><time>2026-08-01T03:21:41Z</time></trkpt><trkpt lat='42.844969999999996' lon='0.21076'><ele>2173</ele><time>2026-08-01T03:21:50Z</time></trkpt><trkpt lat='42.844989999999996' lon='0.21084999999999998'><ele>2174</ele><time>2026-08-01T03:21:59Z</time></trkpt><trkpt lat='42.84514' lon='0.21106999999999998'><ele>2177</ele><time>2026-08-01T03:22:17Z</time></trkpt><trkpt lat='42.84525' lon='0.2112'><ele>2177</ele><time>2026-08-01T03:22:31Z</time></trkpt><trkpt lat='42.84534' lon='0.21139999999999998'><ele>2178</ele><time>2026-08-01T03:22:40Z</time></trkpt><trkpt lat='42.845439999999996' lon='0.21139999999999998'><ele>2178</ele><time>2026-08-01T03:22:49Z</time></trkpt><trkpt lat='42.84549' lon='0.21144'><ele>2177</ele><time>2026-08-01T03:22:53Z</time></trkpt><trkpt lat='42.845549999999996' lon='0.21151999999999999'><ele>2177</ele><time>2026-08-01T03:22:58Z</time></trkpt><trkpt lat='42.845639999999996' lon='0.21158'><ele>2175</ele><time>2026-08-01T03:23:07Z</time></trkpt><trkpt lat='42.84571' lon='0.21167'><ele>2175</ele><time>2026-08-01T03:23:11Z</time></trkpt><trkpt lat='42.8458' lon='0.21173'><ele>2173</ele><time>2026-08-01T03:23:20Z</time></trkpt><trkpt lat='42.84592' lon='0.21189999999999998'><ele>2173</ele><time>2026-08-01T03:23:34Z</time></trkpt><trkpt lat='42.84605' lon='0.21198'><ele>2172</ele><time>2026-08-01T03:23:47Z</time></trkpt><trkpt lat='42.84609' lon='0.21203'><ele>2174</ele><time>2026-08-01T03:23:47Z</time></trkpt><trkpt lat='42.84617' lon='0.21219'><ele>2173</ele><time>2026-08-01T03:24:01Z</time></trkpt><trkpt lat='42.846239999999995' lon='0.21248999999999998'><ele>2175</ele><time>2026-08-01T03:24:14Z</time></trkpt><trkpt lat='42.846329999999995' lon='0.21259999999999998'><ele>2175</ele><time>2026-08-01T03:24:23Z</time></trkpt><trkpt lat='42.84635' lon='0.21269'><ele>2176</ele><time>2026-08-01T03:24:28Z</time></trkpt><trkpt lat='42.84641' lon='0.21275999999999998'><ele>2175</ele><time>2026-08-01T03:24:37Z</time></trkpt><trkpt lat='42.846489999999996' lon='0.21278'><ele>2174</ele><time>2026-08-01T03:24:41Z</time></trkpt><trkpt lat='42.84657' lon='0.21273'><ele>2172</ele><time>2026-08-01T03:24:46Z</time></trkpt><trkpt lat='42.84662' lon='0.21272'><ele>2171</ele><time>2026-08-01T03:24:50Z</time></trkpt><trkpt lat='42.84674' lon='0.21278'><ele>2169</ele><time>2026-08-01T03:24:59Z</time></trkpt><trkpt lat='42.84684' lon='0.21277'><ele>2168</ele><time>2026-08-01T03:25:08Z</time></trkpt><trkpt lat='42.8469' lon='0.21281999999999998'><ele>2168</ele><time>2026-08-01T03:25:13Z</time></trkpt><trkpt lat='42.84694' lon='0.2128'><ele>2168</ele><time>2026-08-01T03:25:17Z</time></trkpt><trkpt lat='42.84703' lon='0.21289999999999998'><ele>2170</ele><time>2026-08-01T03:25:26Z</time></trkpt><trkpt lat='42.847139999999996' lon='0.21286'><ele>2171</ele><time>2026-08-01T03:25:35Z</time></trkpt><trkpt lat='42.84729' lon='0.21297'><ele>2174</ele><time>2026-08-01T03:25:44Z</time></trkpt><trkpt lat='42.84746' lon='0.21303'><ele>2176</ele><time>2026-08-01T03:26:07Z</time></trkpt><trkpt lat='42.847519999999996' lon='0.21309'><ele>2179</ele><time>2026-08-01T03:26:11Z</time></trkpt><trkpt lat='42.847699999999996' lon='0.21338'><ele>2183</ele><time>2026-08-01T03:26:38Z</time></trkpt><trkpt lat='42.84782' lon='0.21345999999999998'><ele>2185</ele><time>2026-08-01T03:26:56Z</time></trkpt><trkpt lat='42.84793' lon='0.21339999999999998'><ele>2188</ele><time>2026-08-01T03:27:05Z</time></trkpt><trkpt lat='42.84824' lon='0.21309'><ele>2190</ele><time>2026-08-01T03:27:37Z</time></trkpt><trkpt lat='42.8484' lon='0.21295999999999998'><ele>2193</ele><time>2026-08-01T03:27:50Z</time></trkpt><trkpt lat='42.84863' lon='0.21281'><ele>2196</ele><time>2026-08-01T03:28:13Z</time></trkpt><trkpt lat='42.84878' lon='0.21266'><ele>2198</ele><time>2026-08-01T03:28:26Z</time></trkpt><trkpt lat='42.84896' lon='0.21255'><ele>2202</ele><time>2026-08-01T03:28:49Z</time></trkpt><trkpt lat='42.84917' lon='0.21250999999999998'><ele>2205</ele><time>2026-08-01T03:29:11Z</time></trkpt><trkpt lat='42.849399999999996' lon='0.21253'><ele>2209</ele><time>2026-08-01T03:29:34Z</time></trkpt><trkpt lat='42.84952' lon='0.21259'><ele>2212</ele><time>2026-08-01T03:29:52Z</time></trkpt><trkpt lat='42.84963' lon='0.21267'><ele>2215</ele><time>2026-08-01T03:30:10Z</time></trkpt><trkpt lat='42.84973' lon='0.21267999999999998'><ele>2217</ele><time>2026-08-01T03:30:19Z</time></trkpt><trkpt lat='42.850049999999996' lon='0.21236'><ele>2219</ele><time>2026-08-01T03:30:46Z</time></trkpt><trkpt lat='42.85044' lon='0.21208'><ele>2220</ele><time>2026-08-01T03:31:22Z</time></trkpt><trkpt lat='42.85084' lon='0.21192'><ele>2222</ele><time>2026-08-01T03:31:49Z</time></trkpt><trkpt lat='42.85096' lon='0.21189999999999998'><ele>2222</ele><time>2026-08-01T03:31:58Z</time></trkpt><trkpt lat='42.851' lon='0.21194'><ele>2223</ele><time>2026-08-01T03:32:02Z</time></trkpt><trkpt lat='42.85105' lon='0.21192'><ele>2223</ele><time>2026-08-01T03:32:07Z</time></trkpt><trkpt lat='42.85111' lon='0.21186'><ele>2224</ele><time>2026-08-01T03:32:16Z</time></trkpt><trkpt lat='42.851189999999995' lon='0.21169'><ele>2223</ele><time>2026-08-01T03:32:25Z</time></trkpt><trkpt lat='42.85131' lon='0.21151'><ele>2223</ele><time>2026-08-01T03:32:38Z</time></trkpt><trkpt lat='42.851389999999995' lon='0.21147'><ele>2223</ele><time>2026-08-01T03:32:43Z</time></trkpt><trkpt lat='42.85162' lon='0.21142999999999998'><ele>2223</ele><time>2026-08-01T03:33:01Z</time></trkpt><trkpt lat='42.851729999999996' lon='0.21139'><ele>2223</ele><time>2026-08-01T03:33:10Z</time></trkpt><trkpt lat='42.85181' lon='0.21131'><ele>2224</ele><time>2026-08-01T03:33:14Z</time></trkpt><trkpt lat='42.85199' lon='0.2113'><ele>2226</ele><time>2026-08-01T03:33:28Z</time></trkpt><trkpt lat='42.85216' lon='0.21126'><ele>2227</ele><time>2026-08-01T03:33:41Z</time></trkpt><trkpt lat='42.85238' lon='0.21109999999999998'><ele>2228</ele><time>2026-08-01T03:34:04Z</time></trkpt><trkpt lat='42.852509999999995' lon='0.21094'><ele>2228</ele><time>2026-08-01T03:34:13Z</time></trkpt><trkpt lat='42.85253' lon='0.21086'><ele>2228</ele><time>2026-08-01T03:34:17Z</time></trkpt><trkpt lat='42.85255' lon='0.21086'><ele>2229</ele><time>2026-08-01T03:34:22Z</time></trkpt><trkpt lat='42.85257' lon='0.2109'><ele>2229</ele><time>2026-08-01T03:34:22Z</time></trkpt><trkpt lat='42.85259' lon='0.21101'><ele>2230</ele><time>2026-08-01T03:34:26Z</time></trkpt><trkpt lat='42.85263' lon='0.21086'><ele>2230</ele><time>2026-08-01T03:34:35Z</time></trkpt><trkpt lat='42.852709999999995' lon='0.21095999999999998'><ele>2232</ele><time>2026-08-01T03:34:44Z</time></trkpt><trkpt lat='42.85273' lon='0.21084999999999998'><ele>2231</ele><time>2026-08-01T03:34:53Z</time></trkpt><trkpt lat='42.852759999999996' lon='0.21086'><ele>2232</ele><time>2026-08-01T03:34:53Z</time></trkpt><trkpt lat='42.85279' lon='0.21091'><ele>2232</ele><time>2026-08-01T03:34:58Z</time></trkpt><trkpt lat='42.85281' lon='0.2109'><ele>2232</ele><time>2026-08-01T03:35:02Z</time></trkpt><trkpt lat='42.85281' lon='0.21078'><ele>2232</ele><time>2026-08-01T03:35:07Z</time></trkpt><trkpt lat='42.85294' lon='0.21064'><ele>2233</ele><time>2026-08-01T03:35:20Z</time></trkpt><trkpt lat='42.85304' lon='0.21042'><ele>2233</ele><time>2026-08-01T03:35:34Z</time></trkpt><trkpt lat='42.853179999999995' lon='0.2103'><ele>2233</ele><time>2026-08-01T03:35:43Z</time></trkpt><trkpt lat='42.85322' lon='0.21020999999999998'><ele>2233</ele><time>2026-08-01T03:35:47Z</time></trkpt><trkpt lat='42.85328' lon='0.20995'><ele>2232</ele><time>2026-08-01T03:36:05Z</time></trkpt><trkpt lat='42.853359999999995' lon='0.20973999999999998'><ele>2232</ele><time>2026-08-01T03:36:19Z</time></trkpt><trkpt lat='42.8534' lon='0.2097'><ele>2232</ele><time>2026-08-01T03:36:19Z</time></trkpt><trkpt lat='42.85347' lon='0.20969'><ele>2232</ele><time>2026-08-01T03:36:23Z</time></trkpt><trkpt lat='42.85346' lon='0.20969'><ele>2233</ele><time>2026-08-01T03:36:28Z</time></trkpt><trkpt lat='42.85353' lon='0.20967'><ele>2234</ele><time>2026-08-01T03:36:32Z</time></trkpt><trkpt lat='42.8536' lon='0.20969'><ele>2237</ele><time>2026-08-01T03:36:37Z</time></trkpt><trkpt lat='42.85367' lon='0.20967999999999998'><ele>2238</ele><time>2026-08-01T03:36:46Z</time></trkpt><trkpt lat='42.85418' lon='0.20987999999999998'><ele>2242</ele><time>2026-08-01T03:37:22Z</time></trkpt><trkpt lat='42.85432' lon='0.20986'><ele>2243</ele><time>2026-08-01T03:37:35Z</time></trkpt><trkpt lat='42.85458' lon='0.2099'><ele>2246</ele><time>2026-08-01T03:37:53Z</time></trkpt><trkpt lat='42.854589999999995' lon='0.20984'><ele>2246</ele><time>2026-08-01T03:37:58Z</time></trkpt><trkpt lat='42.85465' lon='0.20978'><ele>2247</ele><time>2026-08-01T03:38:02Z</time></trkpt><trkpt lat='42.85472' lon='0.20975'><ele>2247</ele><time>2026-08-01T03:38:11Z</time></trkpt><trkpt lat='42.85478' lon='0.2097'><ele>2247</ele><time>2026-08-01T03:38:16Z</time></trkpt><trkpt lat='42.85487' lon='0.20967999999999998'><ele>2247</ele><time>2026-08-01T03:38:20Z</time></trkpt><trkpt lat='42.85492' lon='0.20962999999999998'><ele>2247</ele><time>2026-08-01T03:38:25Z</time></trkpt><trkpt lat='42.8551' lon='0.20954'><ele>2247</ele><time>2026-08-01T03:38:38Z</time></trkpt><trkpt lat='42.85523' lon='0.20951'><ele>2248</ele><time>2026-08-01T03:38:47Z</time></trkpt><trkpt lat='42.8553' lon='0.20951999999999998'><ele>2248</ele><time>2026-08-01T03:38:52Z</time></trkpt><trkpt lat='42.85537' lon='0.20948'><ele>2248</ele><time>2026-08-01T03:39:01Z</time></trkpt><trkpt lat='42.85548' lon='0.2095'><ele>2248</ele><time>2026-08-01T03:39:05Z</time></trkpt><trkpt lat='42.855509999999995' lon='0.20945'><ele>2248</ele><time>2026-08-01T03:39:10Z</time></trkpt><trkpt lat='42.855509999999995' lon='0.20939'><ele>2248</ele><time>2026-08-01T03:39:14Z</time></trkpt><trkpt lat='42.85554' lon='0.20934'><ele>2248</ele><time>2026-08-01T03:39:19Z</time></trkpt><trkpt lat='42.85556' lon='0.20923'><ele>2248</ele><time>2026-08-01T03:39:23Z</time></trkpt><trkpt lat='42.85565' lon='0.20911'><ele>2249</ele><time>2026-08-01T03:39:32Z</time></trkpt><trkpt lat='42.85565' lon='0.20909999999999998'><ele>2249</ele><time>2026-08-01T03:39:32Z</time></trkpt><trkpt lat='42.8559' lon='0.20872'><ele>2250</ele><time>2026-08-01T03:39:59Z</time></trkpt><trkpt lat='42.85591' lon='0.20854999999999999'><ele>2252</ele><time>2026-08-01T03:40:13Z</time></trkpt><trkpt lat='42.855869999999996' lon='0.20823'><ele>2254</ele><time>2026-08-01T03:40:31Z</time></trkpt><trkpt lat='42.855959999999996' lon='0.20756'><ele>2257</ele><time>2026-08-01T03:41:11Z</time></trkpt><trkpt lat='42.85608' lon='0.20743999999999999'><ele>2260</ele><time>2026-08-01T03:41:20Z</time></trkpt><trkpt lat='42.8563' lon='0.20737999999999998'><ele>2263</ele><time>2026-08-01T03:41:38Z</time></trkpt><trkpt lat='42.85657' lon='0.20718'><ele>2266</ele><time>2026-08-01T03:42:05Z</time></trkpt><trkpt lat='42.85669' lon='0.20712'><ele>2267</ele><time>2026-08-01T03:42:19Z</time></trkpt><trkpt lat='42.85673' lon='0.20712'><ele>2269</ele><time>2026-08-01T03:42:19Z</time></trkpt><trkpt lat='42.856989999999996' lon='0.20737'><ele>2269</ele><time>2026-08-01T03:42:41Z</time></trkpt><trkpt lat='42.85709' lon='0.20737'><ele>2270</ele><time>2026-08-01T03:42:50Z</time></trkpt><trkpt lat='42.85716' lon='0.20731'><ele>2270</ele><time>2026-08-01T03:42:59Z</time></trkpt><trkpt lat='42.857169999999996' lon='0.20725'><ele>2270</ele><time>2026-08-01T03:43:04Z</time></trkpt><trkpt lat='42.857189999999996' lon='0.20723999999999998'><ele>2271</ele><time>2026-08-01T03:43:04Z</time></trkpt><trkpt lat='42.85722' lon='0.20729'><ele>2270</ele><time>2026-08-01T03:43:08Z</time></trkpt><trkpt lat='42.85735' lon='0.20728'><ele>2271</ele><time>2026-08-01T03:43:17Z</time></trkpt><trkpt lat='42.8574' lon='0.20745999999999998'><ele>2270</ele><time>2026-08-01T03:43:26Z</time></trkpt><trkpt lat='42.85745' lon='0.20751999999999998'><ele>2271</ele><time>2026-08-01T03:43:31Z</time></trkpt><trkpt lat='42.857499999999995' lon='0.20751999999999998'><ele>2270</ele><time>2026-08-01T03:43:35Z</time></trkpt><trkpt lat='42.85765' lon='0.20739'><ele>2271</ele><time>2026-08-01T03:43:49Z</time></trkpt><trkpt lat='42.85776' lon='0.20748'><ele>2272</ele><time>2026-08-01T03:43:58Z</time></trkpt><trkpt lat='42.857859999999995' lon='0.20748'><ele>2272</ele><time>2026-08-01T03:44:07Z</time></trkpt><trkpt lat='42.85791' lon='0.20747'><ele>2273</ele><time>2026-08-01T03:44:07Z</time></trkpt><trkpt lat='42.857929999999996' lon='0.20742'><ele>2274</ele><time>2026-08-01T03:44:11Z</time></trkpt><trkpt lat='42.85798' lon='0.20739'><ele>2275</ele><time>2026-08-01T03:44:16Z</time></trkpt><trkpt lat='42.858019999999996' lon='0.20739'><ele>2275</ele><time>2026-08-01T03:44:20Z</time></trkpt><trkpt lat='42.8581' lon='0.20734'><ele>2276</ele><time>2026-08-01T03:44:25Z</time></trkpt><trkpt lat='42.85818' lon='0.20734'><ele>2276</ele><time>2026-08-01T03:44:34Z</time></trkpt><trkpt lat='42.858219999999996' lon='0.20734999999999998'><ele>2277</ele><time>2026-08-01T03:44:34Z</time></trkpt><trkpt lat='42.85825' lon='0.20739'><ele>2277</ele><time>2026-08-01T03:44:38Z</time></trkpt><trkpt lat='42.85834' lon='0.20743'><ele>2278</ele><time>2026-08-01T03:44:47Z</time></trkpt><trkpt lat='42.85847' lon='0.20742'><ele>2278</ele><time>2026-08-01T03:45:01Z</time></trkpt><trkpt lat='42.85855' lon='0.20743999999999999'><ele>2279</ele><time>2026-08-01T03:45:05Z</time></trkpt><trkpt lat='42.858709999999995' lon='0.20758'><ele>2280</ele><time>2026-08-01T03:45:19Z</time></trkpt><trkpt lat='42.85876' lon='0.20759'><ele>2280</ele><time>2026-08-01T03:45:23Z</time></trkpt><trkpt lat='42.85897' lon='0.20751999999999998'><ele>2282</ele><time>2026-08-01T03:45:37Z</time></trkpt><trkpt lat='42.85902' lon='0.20751'><ele>2283</ele><time>2026-08-01T03:45:46Z</time></trkpt><trkpt lat='42.85908' lon='0.20754'><ele>2284</ele><time>2026-08-01T03:45:50Z</time></trkpt><trkpt lat='42.85914' lon='0.20751'><ele>2285</ele><time>2026-08-01T03:45:55Z</time></trkpt><trkpt lat='42.85919' lon='0.20742'><ele>2286</ele><time>2026-08-01T03:46:04Z</time></trkpt><trkpt lat='42.85924' lon='0.2074'><ele>2287</ele><time>2026-08-01T03:46:13Z</time></trkpt><trkpt lat='42.85929' lon='0.20734'><ele>2288</ele><time>2026-08-01T03:46:22Z</time></trkpt><trkpt lat='42.85928' lon='0.20726999999999998'><ele>2290</ele><time>2026-08-01T03:46:26Z</time></trkpt><trkpt lat='42.85932' lon='0.20718'><ele>2292</ele><time>2026-08-01T03:46:35Z</time></trkpt><trkpt lat='42.8595' lon='0.20697'><ele>2293</ele><time>2026-08-01T03:46:53Z</time></trkpt><trkpt lat='42.85964' lon='0.20692'><ele>2296</ele><time>2026-08-01T03:47:07Z</time></trkpt><trkpt lat='42.85968' lon='0.2069'><ele>2297</ele><time>2026-08-01T03:47:16Z</time></trkpt><trkpt lat='42.85971' lon='0.20687999999999998'><ele>2299</ele><time>2026-08-01T03:47:21Z</time></trkpt><trkpt lat='42.8598' lon='0.20687'><ele>2300</ele><time>2026-08-01T03:47:30Z</time></trkpt><trkpt lat='42.85986' lon='0.20684'><ele>2301</ele><time>2026-08-01T03:47:43Z</time></trkpt><trkpt lat='42.85989' lon='0.20679999999999998'><ele>2302</ele><time>2026-08-01T03:47:48Z</time></trkpt><trkpt lat='42.859939999999995' lon='0.20679999999999998'><ele>2304</ele><time>2026-08-01T03:47:52Z</time></trkpt><trkpt lat='42.85998' lon='0.20676999999999998'><ele>2305</ele><time>2026-08-01T03:47:57Z</time></trkpt><trkpt lat='42.86014' lon='0.20682999999999999'><ele>2307</ele><time>2026-08-01T03:48:10Z</time></trkpt><trkpt lat='42.86023' lon='0.20693'><ele>2308</ele><time>2026-08-01T03:48:19Z</time></trkpt><trkpt lat='42.86032' lon='0.20693'><ele>2310</ele><time>2026-08-01T03:48:33Z</time></trkpt><trkpt lat='42.860409999999995' lon='0.20682999999999999'><ele>2312</ele><time>2026-08-01T03:48:42Z</time></trkpt><trkpt lat='42.86051' lon='0.20682'><ele>2314</ele><time>2026-08-01T03:48:55Z</time></trkpt><trkpt lat='42.860549999999996' lon='0.20686'><ele>2315</ele><time>2026-08-01T03:49:00Z</time></trkpt><trkpt lat='42.86063' lon='0.20689'><ele>2317</ele><time>2026-08-01T03:49:13Z</time></trkpt><trkpt lat='42.860679999999995' lon='0.20687999999999998'><ele>2317</ele><time>2026-08-01T03:49:22Z</time></trkpt><trkpt lat='42.86072' lon='0.2069'><ele>2319</ele><time>2026-08-01T03:49:27Z</time></trkpt><trkpt lat='42.860749999999996' lon='0.20698'><ele>2320</ele><time>2026-08-01T03:49:31Z</time></trkpt><trkpt lat='42.86079' lon='0.20698'><ele>2320</ele><time>2026-08-01T03:49:36Z</time></trkpt><trkpt lat='42.860859999999995' lon='0.20693999999999999'><ele>2322</ele><time>2026-08-01T03:49:45Z</time></trkpt><trkpt lat='42.86089' lon='0.20697'><ele>2322</ele><time>2026-08-01T03:49:54Z</time></trkpt><trkpt lat='42.860969999999995' lon='0.20698'><ele>2324</ele><time>2026-08-01T03:50:07Z</time></trkpt><trkpt lat='42.86099' lon='0.207'><ele>2326</ele><time>2026-08-01T03:50:12Z</time></trkpt><trkpt lat='42.86101' lon='0.207'><ele>2327</ele><time>2026-08-01T03:50:16Z</time></trkpt><trkpt lat='42.86118' lon='0.20643'><ele>2330</ele><time>2026-08-01T03:50:48Z</time></trkpt><trkpt lat='42.86137' lon='0.2065'><ele>2332</ele><time>2026-08-01T03:51:06Z</time></trkpt><trkpt lat='42.86154' lon='0.20667'><ele>2335</ele><time>2026-08-01T03:51:24Z</time></trkpt><trkpt lat='42.86167' lon='0.20686'><ele>2336</ele><time>2026-08-01T03:51:46Z</time></trkpt><trkpt lat='42.86173' lon='0.20687999999999998'><ele>2339</ele><time>2026-08-01T03:51:51Z</time></trkpt><trkpt lat='42.86177' lon='0.20695'><ele>2341</ele><time>2026-08-01T03:52:00Z</time></trkpt><trkpt lat='42.86199' lon='0.20697'><ele>2343</ele><time>2026-08-01T03:52:18Z</time></trkpt><trkpt lat='42.86208' lon='0.20693999999999999'><ele>2346</ele><time>2026-08-01T03:52:31Z</time></trkpt><trkpt lat='42.86226' lon='0.20697'><ele>2349</ele><time>2026-08-01T03:52:54Z</time></trkpt><trkpt lat='42.86246' lon='0.20704999999999998'><ele>2351</ele><time>2026-08-01T03:53:21Z</time></trkpt><trkpt lat='42.86248' lon='0.20708'><ele>2354</ele><time>2026-08-01T03:53:21Z</time></trkpt><trkpt lat='42.8626' lon='0.20711'><ele>2356</ele><time>2026-08-01T03:53:43Z</time></trkpt><trkpt lat='42.86267' lon='0.20711'><ele>2359</ele><time>2026-08-01T03:53:52Z</time></trkpt><trkpt lat='42.86271' lon='0.20718'><ele>2360</ele><time>2026-08-01T03:54:01Z</time></trkpt><trkpt lat='42.86288' lon='0.20726999999999998'><ele>2363</ele><time>2026-08-01T03:54:19Z</time></trkpt><trkpt lat='42.862919999999995' lon='0.20722'><ele>2365</ele><time>2026-08-01T03:54:33Z</time></trkpt><trkpt lat='42.86298' lon='0.20723'><ele>2368</ele><time>2026-08-01T03:54:46Z</time></trkpt><trkpt lat='42.86305' lon='0.20714'><ele>2369</ele><time>2026-08-01T03:55:00Z</time></trkpt><trkpt lat='42.86311' lon='0.20712'><ele>2372</ele><time>2026-08-01T03:55:09Z</time></trkpt><trkpt lat='42.86314' lon='0.20712'><ele>2373</ele><time>2026-08-01T03:55:18Z</time></trkpt><trkpt lat='42.86331' lon='0.20720999999999998'><ele>2377</ele><time>2026-08-01T03:55:40Z</time></trkpt><trkpt lat='42.86342' lon='0.2072'><ele>2378</ele><time>2026-08-01T03:55:58Z</time></trkpt><trkpt lat='42.86347' lon='0.20723'><ele>2381</ele><time>2026-08-01T03:56:03Z</time></trkpt><trkpt lat='42.86354' lon='0.20718'><ele>2383</ele><time>2026-08-01T03:56:12Z</time></trkpt><trkpt lat='42.8636' lon='0.20711'><ele>2384</ele><time>2026-08-01T03:56:21Z</time></trkpt><trkpt lat='42.863679999999995' lon='0.20706'><ele>2386</ele><time>2026-08-01T03:56:34Z</time></trkpt><trkpt lat='42.86373' lon='0.207'><ele>2388</ele><time>2026-08-01T03:56:43Z</time></trkpt><trkpt lat='42.86378' lon='0.20698'><ele>2389</ele><time>2026-08-01T03:56:52Z</time></trkpt><trkpt lat='42.86389' lon='0.20701'><ele>2391</ele><time>2026-08-01T03:57:01Z</time></trkpt><trkpt lat='42.863929999999996' lon='0.20698999999999998'><ele>2393</ele><time>2026-08-01T03:57:15Z</time></trkpt><trkpt lat='42.86401' lon='0.20698999999999998'><ele>2395</ele><time>2026-08-01T03:57:33Z</time></trkpt><trkpt lat='42.86407' lon='0.20695999999999998'><ele>2396</ele><time>2026-08-01T03:57:46Z</time></trkpt><trkpt lat='42.86416' lon='0.20698'><ele>2399</ele><time>2026-08-01T03:57:55Z</time></trkpt><trkpt lat='42.8642' lon='0.20695999999999998'><ele>2401</ele><time>2026-08-01T03:58:09Z</time></trkpt><trkpt lat='42.86429' lon='0.207'><ele>2405</ele><time>2026-08-01T03:58:27Z</time></trkpt><trkpt lat='42.86437' lon='0.207'><ele>2408</ele><time>2026-08-01T03:58:49Z</time></trkpt><trkpt lat='42.86452' lon='0.20706'><ele>2413</ele><time>2026-08-01T03:59:25Z</time></trkpt><trkpt lat='42.86461' lon='0.20701999999999998'><ele>2415</ele><time>2026-08-01T03:59:48Z</time></trkpt><trkpt lat='42.86473' lon='0.20703'><ele>2421</ele><time>2026-08-01T04:00:15Z</time></trkpt><trkpt lat='42.86477' lon='0.20698'><ele>2422</ele><time>2026-08-01T04:00:28Z</time></trkpt><trkpt lat='42.864819999999995' lon='0.20698'><ele>2426</ele><time>2026-08-01T04:00:37Z</time></trkpt><trkpt lat='42.86495' lon='0.20678'><ele>2428</ele><time>2026-08-01T04:01:00Z</time></trkpt><trkpt lat='42.86505' lon='0.20673999999999998'><ele>2431</ele><time>2026-08-01T04:01:09Z</time></trkpt><trkpt lat='42.86511' lon='0.20665999999999998'><ele>2432</ele><time>2026-08-01T04:01:22Z</time></trkpt><trkpt lat='42.86519' lon='0.20665999999999998'><ele>2435</ele><time>2026-08-01T04:01:36Z</time></trkpt><trkpt lat='42.86524' lon='0.20654999999999998'><ele>2437</ele><time>2026-08-01T04:01:58Z</time></trkpt><trkpt lat='42.8653' lon='0.20654'><ele>2440</ele><time>2026-08-01T04:02:12Z</time></trkpt><trkpt lat='42.86537' lon='0.20657999999999999'><ele>2442</ele><time>2026-08-01T04:02:30Z</time></trkpt><trkpt lat='42.86539' lon='0.20656'><ele>2444</ele><time>2026-08-01T04:02:34Z</time></trkpt><trkpt lat='42.86542' lon='0.20657'><ele>2447</ele><time>2026-08-01T04:02:43Z</time></trkpt><trkpt lat='42.86549' lon='0.20653'><ele>2451</ele><time>2026-08-01T04:03:01Z</time></trkpt><trkpt lat='42.86559' lon='0.20651'><ele>2454</ele><time>2026-08-01T04:03:24Z</time></trkpt><trkpt lat='42.86575' lon='0.20659999999999998'><ele>2459</ele><time>2026-08-01T04:03:55Z</time></trkpt><trkpt lat='42.86577' lon='0.20662999999999998'><ele>2462</ele><time>2026-08-01T04:04:04Z</time></trkpt><trkpt lat='42.86584' lon='0.20665'><ele>2467</ele><time>2026-08-01T04:04:18Z</time></trkpt><trkpt lat='42.86589' lon='0.20662999999999998'><ele>2469</ele><time>2026-08-01T04:04:31Z</time></trkpt><trkpt lat='42.86596' lon='0.20665999999999998'><ele>2472</ele><time>2026-08-01T04:04:49Z</time></trkpt><trkpt lat='42.86599' lon='0.20672'><ele>2474</ele><time>2026-08-01T04:05:03Z</time></trkpt><trkpt lat='42.86604' lon='0.20673'><ele>2476</ele><time>2026-08-01T04:05:12Z</time></trkpt><trkpt lat='42.86606' lon='0.20676'><ele>2477</ele><time>2026-08-01T04:05:21Z</time></trkpt><trkpt lat='42.86608' lon='0.20676'><ele>2479</ele><time>2026-08-01T04:05:25Z</time></trkpt><trkpt lat='42.86609' lon='0.20681'><ele>2480</ele><time>2026-08-01T04:05:34Z</time></trkpt><trkpt lat='42.86618' lon='0.20682'><ele>2483</ele><time>2026-08-01T04:05:52Z</time></trkpt><trkpt lat='42.86617' lon='0.20687999999999998'><ele>2484</ele><time>2026-08-01T04:06:01Z</time></trkpt><trkpt lat='42.866299999999995' lon='0.20693'><ele>2487</ele><time>2026-08-01T04:06:15Z</time></trkpt><trkpt lat='42.86645' lon='0.20682'><ele>2489</ele><time>2026-08-01T04:06:33Z</time></trkpt><trkpt lat='42.866679999999995' lon='0.20659999999999998'><ele>2491</ele><time>2026-08-01T04:07:00Z</time></trkpt><trkpt lat='42.8667' lon='0.20659999999999998'><ele>2493</ele><time>2026-08-01T04:07:00Z</time></trkpt><trkpt lat='42.86669' lon='0.20664'><ele>2494</ele><time>2026-08-01T04:07:04Z</time></trkpt><trkpt lat='42.86671' lon='0.20667'><ele>2495</ele><time>2026-08-01T04:07:04Z</time></trkpt><trkpt lat='42.86674' lon='0.20668'><ele>2495</ele><time>2026-08-01T04:07:09Z</time></trkpt><trkpt lat='42.86678' lon='0.20665999999999998'><ele>2495</ele><time>2026-08-01T04:07:13Z</time></trkpt><trkpt lat='42.86683' lon='0.20659999999999998'><ele>2495</ele><time>2026-08-01T04:07:18Z</time></trkpt><trkpt lat='42.866839999999996' lon='0.2065'><ele>2495</ele><time>2026-08-01T04:07:22Z</time></trkpt><trkpt lat='42.866859999999996' lon='0.20651'><ele>2495</ele><time>2026-08-01T04:07:22Z</time></trkpt><trkpt lat='42.86687' lon='0.2065'><ele>2495</ele><time>2026-08-01T04:07:22Z</time></trkpt><trkpt lat='42.866859999999996' lon='0.20639'><ele>2495</ele><time>2026-08-01T04:07:31Z</time></trkpt><trkpt lat='42.86689' lon='0.20637999999999998'><ele>2494</ele><time>2026-08-01T04:07:31Z</time></trkpt><trkpt lat='42.867039999999996' lon='0.20642'><ele>2494</ele><time>2026-08-01T04:07:45Z</time></trkpt><trkpt lat='42.867059999999995' lon='0.20645999999999998'><ele>2493</ele><time>2026-08-01T04:07:45Z</time></trkpt><trkpt lat='42.86709' lon='0.20648'><ele>2493</ele><time>2026-08-01T04:07:49Z</time></trkpt><trkpt lat='42.86712' lon='0.20648'><ele>2493</ele><time>2026-08-01T04:07:49Z</time></trkpt><trkpt lat='42.86716' lon='0.20640999999999998'><ele>2493</ele><time>2026-08-01T04:07:54Z</time></trkpt><trkpt lat='42.86717' lon='0.20640999999999998'><ele>2493</ele><time>2026-08-01T04:07:58Z</time></trkpt><trkpt lat='42.86719' lon='0.2062'><ele>2495</ele><time>2026-08-01T04:08:07Z</time></trkpt><trkpt lat='42.86716' lon='0.20617'><ele>2496</ele><time>2026-08-01T04:08:12Z</time></trkpt><trkpt lat='42.86717' lon='0.20604'><ele>2498</ele><time>2026-08-01T04:08:16Z</time></trkpt><trkpt lat='42.867149999999995' lon='0.20597'><ele>2500</ele><time>2026-08-01T04:08:25Z</time></trkpt><trkpt lat='42.86729' lon='0.20568999999999998'><ele>2503</ele><time>2026-08-01T04:08:48Z</time></trkpt><trkpt lat='42.86736' lon='0.20529999999999998'><ele>2507</ele><time>2026-08-01T04:09:15Z</time></trkpt><trkpt lat='42.86756' lon='0.20485'><ele>2510</ele><time>2026-08-01T04:09:46Z</time></trkpt><trkpt lat='42.867779999999996' lon='0.20457999999999998'><ele>2512</ele><time>2026-08-01T04:10:09Z</time></trkpt><trkpt lat='42.86784' lon='0.20445'><ele>2513</ele><time>2026-08-01T04:10:18Z</time></trkpt><trkpt lat='42.86811' lon='0.20404999999999998'><ele>2512</ele><time>2026-08-01T04:10:49Z</time></trkpt><trkpt lat='42.868269999999995' lon='0.20387999999999998'><ele>2511</ele><time>2026-08-01T04:11:03Z</time></trkpt><trkpt lat='42.868469999999995' lon='0.20376'><ele>2507</ele><time>2026-08-01T04:11:21Z</time></trkpt><trkpt lat='42.868539999999996' lon='0.20368'><ele>2505</ele><time>2026-08-01T04:11:39Z</time></trkpt><trkpt lat='42.86859' lon='0.20365999999999998'><ele>2502</ele><time>2026-08-01T04:11:48Z</time></trkpt><trkpt lat='42.8687' lon='0.2035'><ele>2500</ele><time>2026-08-01T04:11:57Z</time></trkpt><trkpt lat='42.868809999999996' lon='0.2034'><ele>2498</ele><time>2026-08-01T04:12:01Z</time></trkpt><trkpt lat='42.86888' lon='0.20337'><ele>2496</ele><time>2026-08-01T04:12:10Z</time></trkpt><trkpt lat='42.86916' lon='0.20295'><ele>2495</ele><time>2026-08-01T04:12:42Z</time></trkpt><trkpt lat='42.869544999999995' lon='0.20249499999999998'><ele>2493</ele><time>2026-08-01T04:13:18Z</time></trkpt><trkpt lat='42.86993' lon='0.20204'><ele>2491</ele><time>2026-08-01T04:13:58Z</time></trkpt><trkpt lat='42.87008' lon='0.20196999999999998'><ele>2489</ele><time>2026-08-01T04:14:07Z</time></trkpt><trkpt lat='42.87014' lon='0.2019'><ele>2488</ele><time>2026-08-01T04:14:16Z</time></trkpt><trkpt lat='42.870349999999995' lon='0.20182'><ele>2486</ele><time>2026-08-01T04:14:30Z</time></trkpt><trkpt lat='42.870529999999995' lon='0.20163'><ele>2485</ele><time>2026-08-01T04:14:48Z</time></trkpt><trkpt lat='42.870639999999995' lon='0.20160999999999998'><ele>2484</ele><time>2026-08-01T04:14:57Z</time></trkpt><trkpt lat='42.870729999999995' lon='0.20154'><ele>2483</ele><time>2026-08-01T04:15:06Z</time></trkpt><trkpt lat='42.87083' lon='0.20151'><ele>2482</ele><time>2026-08-01T04:15:10Z</time></trkpt><trkpt lat='42.87094' lon='0.20143999999999998'><ele>2481</ele><time>2026-08-01T04:15:19Z</time></trkpt><trkpt lat='42.87096' lon='0.20140999999999998'><ele>2480</ele><time>2026-08-01T04:15:24Z</time></trkpt><trkpt lat='42.87119' lon='0.20131'><ele>2480</ele><time>2026-08-01T04:15:42Z</time></trkpt><trkpt lat='42.871179999999995' lon='0.20127'><ele>2479</ele><time>2026-08-01T04:15:42Z</time></trkpt><trkpt lat='42.871199999999995' lon='0.20123'><ele>2479</ele><time>2026-08-01T04:15:46Z</time></trkpt><trkpt lat='42.87115' lon='0.20113999999999999'><ele>2478</ele><time>2026-08-01T04:15:51Z</time></trkpt><trkpt lat='42.871179999999995' lon='0.20106'><ele>2478</ele><time>2026-08-01T04:15:55Z</time></trkpt><trkpt lat='42.871159999999996' lon='0.20095'><ele>2477</ele><time>2026-08-01T04:16:04Z</time></trkpt><trkpt lat='42.871179999999995' lon='0.20088999999999999'><ele>2477</ele><time>2026-08-01T04:16:09Z</time></trkpt><trkpt lat='42.87117' lon='0.20087'><ele>2477</ele><time>2026-08-01T04:16:09Z</time></trkpt><trkpt lat='42.8711' lon='0.20085'><ele>2475</ele><time>2026-08-01T04:16:13Z</time></trkpt><trkpt lat='42.871159999999996' lon='0.20078'><ele>2475</ele><time>2026-08-01T04:16:18Z</time></trkpt><trkpt lat='42.871179999999995' lon='0.20068'><ele>2473</ele><time>2026-08-01T04:16:22Z</time></trkpt><trkpt lat='42.87101' lon='0.20068999999999998'><ele>2470</ele><time>2026-08-01T04:16:36Z</time></trkpt><trkpt lat='42.87111' lon='0.20052'><ele>2467</ele><time>2026-08-01T04:16:45Z</time></trkpt><trkpt lat='42.87115' lon='0.2004'><ele>2464</ele><time>2026-08-01T04:16:54Z</time></trkpt><trkpt lat='42.87097' lon='0.20037'><ele>2460</ele><time>2026-08-01T04:17:07Z</time></trkpt><trkpt lat='42.87105' lon='0.2002'><ele>2456</ele><time>2026-08-01T04:17:21Z</time></trkpt><trkpt lat='42.87105' lon='0.20016'><ele>2454</ele><time>2026-08-01T04:17:30Z</time></trkpt><trkpt lat='42.8711' lon='0.20002'><ele>2450</ele><time>2026-08-01T04:17:57Z</time></trkpt><trkpt lat='42.87114' lon='0.19998'><ele>2448</ele><time>2026-08-01T04:18:10Z</time></trkpt><trkpt lat='42.87112' lon='0.19993'><ele>2445</ele><time>2026-08-01T04:18:19Z</time></trkpt><trkpt lat='42.87101' lon='0.1999'><ele>2442</ele><time>2026-08-01T04:18:28Z</time></trkpt><trkpt lat='42.87108' lon='0.19973'><ele>2439</ele><time>2026-08-01T04:18:37Z</time></trkpt><trkpt lat='42.87105' lon='0.19974'><ele>2437</ele><time>2026-08-01T04:18:46Z</time></trkpt><trkpt lat='42.87103' lon='0.1997'><ele>2435</ele><time>2026-08-01T04:18:55Z</time></trkpt><trkpt lat='42.870999999999995' lon='0.1997'><ele>2433</ele><time>2026-08-01T04:19:04Z</time></trkpt><trkpt lat='42.870999999999995' lon='0.19967'><ele>2432</ele><time>2026-08-01T04:19:09Z</time></trkpt><trkpt lat='42.87104' lon='0.19965'><ele>2430</ele><time>2026-08-01T04:19:18Z</time></trkpt><trkpt lat='42.87104' lon='0.19963'><ele>2429</ele><time>2026-08-01T04:19:22Z</time></trkpt><trkpt lat='42.87099' lon='0.19957999999999998'><ele>2427</ele><time>2026-08-01T04:19:40Z</time></trkpt><trkpt lat='42.87097' lon='0.19952'><ele>2424</ele><time>2026-08-01T04:19:49Z</time></trkpt><trkpt lat='42.87092' lon='0.19946999999999998'><ele>2422</ele><time>2026-08-01T04:20:07Z</time></trkpt><trkpt lat='42.87092' lon='0.19943'><ele>2419</ele><time>2026-08-01T04:20:12Z</time></trkpt><trkpt lat='42.87103' lon='0.19938999999999998'><ele>2418</ele><time>2026-08-01T04:20:25Z</time></trkpt><trkpt lat='42.87096' lon='0.19927999999999998'><ele>2413</ele><time>2026-08-01T04:20:34Z</time></trkpt><trkpt lat='42.87096' lon='0.19921'><ele>2412</ele><time>2026-08-01T04:20:48Z</time></trkpt><trkpt lat='42.87088' lon='0.19913'><ele>2407</ele><time>2026-08-01T04:21:10Z</time></trkpt><trkpt lat='42.87088' lon='0.19907999999999998'><ele>2405</ele><time>2026-08-01T04:21:19Z</time></trkpt><trkpt lat='42.87085' lon='0.19902999999999998'><ele>2402</ele><time>2026-08-01T04:21:33Z</time></trkpt><trkpt lat='42.87088' lon='0.1988'><ele>2400</ele><time>2026-08-01T04:21:46Z</time></trkpt><trkpt lat='42.87087' lon='0.19874999999999998'><ele>2398</ele><time>2026-08-01T04:21:46Z</time></trkpt><trkpt lat='42.87079' lon='0.19860999999999998'><ele>2396</ele><time>2026-08-01T04:21:55Z</time></trkpt><trkpt lat='42.870779999999996' lon='0.19852999999999998'><ele>2394</ele><time>2026-08-01T04:22:00Z</time></trkpt><trkpt lat='42.8707' lon='0.19852'><ele>2393</ele><time>2026-08-01T04:22:04Z</time></trkpt><trkpt lat='42.87066' lon='0.19827999999999998'><ele>2391</ele><time>2026-08-01T04:22:13Z</time></trkpt><trkpt lat='42.870599999999996' lon='0.19818'><ele>2389</ele><time>2026-08-01T04:22:18Z</time></trkpt><trkpt lat='42.870599999999996' lon='0.19807999999999998'><ele>2388</ele><time>2026-08-01T04:22:22Z</time></trkpt><trkpt lat='42.870619999999995' lon='0.19801'><ele>2386</ele><time>2026-08-01T04:22:27Z</time></trkpt><trkpt lat='42.870599999999996' lon='0.19793'><ele>2385</ele><time>2026-08-01T04:22:31Z</time></trkpt><trkpt lat='42.8705' lon='0.19782'><ele>2383</ele><time>2026-08-01T04:22:40Z</time></trkpt><trkpt lat='42.87046' lon='0.1977'><ele>2382</ele><time>2026-08-01T04:22:45Z</time></trkpt><trkpt lat='42.87043' lon='0.19765'><ele>2380</ele><time>2026-08-01T04:22:49Z</time></trkpt><trkpt lat='42.87039' lon='0.19762'><ele>2379</ele><time>2026-08-01T04:22:54Z</time></trkpt><trkpt lat='42.87037' lon='0.19746999999999998'><ele>2377</ele><time>2026-08-01T04:23:03Z</time></trkpt><trkpt lat='42.87034' lon='0.19738999999999998'><ele>2375</ele><time>2026-08-01T04:23:07Z</time></trkpt><trkpt lat='42.870309999999996' lon='0.19735999999999998'><ele>2373</ele><time>2026-08-01T04:23:16Z</time></trkpt><trkpt lat='42.870309999999996' lon='0.19726'><ele>2371</ele><time>2026-08-01T04:23:34Z</time></trkpt><trkpt lat='42.8702' lon='0.19710999999999998'><ele>2369</ele><time>2026-08-01T04:23:43Z</time></trkpt><trkpt lat='42.870149999999995' lon='0.19698'><ele>2366</ele><time>2026-08-01T04:23:52Z</time></trkpt><trkpt lat='42.870129999999996' lon='0.19682'><ele>2363</ele><time>2026-08-01T04:24:01Z</time></trkpt><trkpt lat='42.870059999999995' lon='0.1966'><ele>2361</ele><time>2026-08-01T04:24:10Z</time></trkpt><trkpt lat='42.870059999999995' lon='0.19649'><ele>2358</ele><time>2026-08-01T04:24:19Z</time></trkpt><trkpt lat='42.87' lon='0.19632'><ele>2356</ele><time>2026-08-01T04:24:28Z</time></trkpt><trkpt lat='42.87' lon='0.19624999999999998'><ele>2354</ele><time>2026-08-01T04:24:42Z</time></trkpt><trkpt lat='42.86996' lon='0.19621'><ele>2351</ele><time>2026-08-01T04:24:51Z</time></trkpt><trkpt lat='42.869839999999996' lon='0.19594'><ele>2348</ele><time>2026-08-01T04:25:04Z</time></trkpt><trkpt lat='42.86985' lon='0.19552999999999998'><ele>2344</ele><time>2026-08-01T04:25:18Z</time></trkpt><trkpt lat='42.86981' lon='0.19544'><ele>2342</ele><time>2026-08-01T04:25:27Z</time></trkpt><trkpt lat='42.869749999999996' lon='0.19522'><ele>2338</ele><time>2026-08-01T04:25:36Z</time></trkpt><trkpt lat='42.869679999999995' lon='0.19508'><ele>2336</ele><time>2026-08-01T04:25:45Z</time></trkpt><trkpt lat='42.86965' lon='0.19497'><ele>2333</ele><time>2026-08-01T04:25:54Z</time></trkpt><trkpt lat='42.86964' lon='0.19479'><ele>2331</ele><time>2026-08-01T04:26:03Z</time></trkpt><trkpt lat='42.86967' lon='0.19463'><ele>2329</ele><time>2026-08-01T04:26:07Z</time></trkpt><trkpt lat='42.869659999999996' lon='0.19454'><ele>2328</ele><time>2026-08-01T04:26:16Z</time></trkpt><trkpt lat='42.86967' lon='0.19452'><ele>2326</ele><time>2026-08-01T04:26:16Z</time></trkpt><trkpt lat='42.86974' lon='0.19451'><ele>2325</ele><time>2026-08-01T04:26:21Z</time></trkpt><trkpt lat='42.869749999999996' lon='0.19444999999999998'><ele>2324</ele><time>2026-08-01T04:26:25Z</time></trkpt><trkpt lat='42.869769999999995' lon='0.19441999999999998'><ele>2323</ele><time>2026-08-01T04:26:25Z</time></trkpt><trkpt lat='42.86978' lon='0.19427999999999998'><ele>2322</ele><time>2026-08-01T04:26:30Z</time></trkpt><trkpt lat='42.86983' lon='0.19407'><ele>2320</ele><time>2026-08-01T04:26:39Z</time></trkpt><trkpt lat='42.86983' lon='0.19401'><ele>2320</ele><time>2026-08-01T04:26:43Z</time></trkpt><trkpt lat='42.869879999999995' lon='0.19393'><ele>2318</ele><time>2026-08-01T04:26:48Z</time></trkpt><trkpt lat='42.8699' lon='0.19386'><ele>2318</ele><time>2026-08-01T04:26:48Z</time></trkpt><trkpt lat='42.8699' lon='0.19372999999999999'><ele>2316</ele><time>2026-08-01T04:26:52Z</time></trkpt><trkpt lat='42.86992' lon='0.19361'><ele>2316</ele><time>2026-08-01T04:27:01Z</time></trkpt><trkpt lat='42.869969' lon='0.193519'><ele>2314</ele><time>2026-08-01T04:27:06Z</time></trkpt><trkpt lat='42.869963999999996' lon='0.19350499999999998'><ele>2313</ele><time>2026-08-01T04:27:10Z</time></trkpt><trkpt lat='42.869977' lon='0.19349'><ele>2311</ele><time>2026-08-01T04:27:10Z</time></trkpt><trkpt lat='42.870013' lon='0.193427'><ele>2310</ele><time>2026-08-01T04:27:19Z</time></trkpt><trkpt lat='42.870031999999995' lon='0.19339499999999998'><ele>2309</ele><time>2026-08-01T04:27:19Z</time></trkpt><trkpt lat='42.870061' lon='0.19336699999999998'><ele>2308</ele><time>2026-08-01T04:27:24Z</time></trkpt><trkpt lat='42.870087' lon='0.193316'><ele>2306</ele><time>2026-08-01T04:27:28Z</time></trkpt><trkpt lat='42.870098999999996' lon='0.193275'><ele>2305</ele><time>2026-08-01T04:27:33Z</time></trkpt><trkpt lat='42.870114' lon='0.193239'><ele>2305</ele><time>2026-08-01T04:27:33Z</time></trkpt><trkpt lat='42.870135' lon='0.19320099999999998'><ele>2304</ele><time>2026-08-01T04:27:37Z</time></trkpt><trkpt lat='42.870166999999995' lon='0.19314599999999998'><ele>2303</ele><time>2026-08-01T04:27:37Z</time></trkpt><trkpt lat='42.870203' lon='0.193073'><ele>2303</ele><time>2026-08-01T04:27:42Z</time></trkpt><trkpt lat='42.870233' lon='0.193027'><ele>2303</ele><time>2026-08-01T04:27:46Z</time></trkpt><trkpt lat='42.870247' lon='0.192992'><ele>2303</ele><time>2026-08-01T04:27:46Z</time></trkpt><trkpt lat='42.870264999999996' lon='0.192963'><ele>2303</ele><time>2026-08-01T04:27:51Z</time></trkpt><trkpt lat='42.870279' lon='0.192929'><ele>2303</ele><time>2026-08-01T04:27:51Z</time></trkpt><trkpt lat='42.870290999999995' lon='0.192905'><ele>2302</ele><time>2026-08-01T04:27:51Z</time></trkpt><trkpt lat='42.870295999999996' lon='0.192875'><ele>2302</ele><time>2026-08-01T04:27:55Z</time></trkpt><trkpt lat='42.870301999999995' lon='0.19283999999999998'><ele>2302</ele><time>2026-08-01T04:27:55Z</time></trkpt><trkpt lat='42.870312' lon='0.192829'><ele>2302</ele><time>2026-08-01T04:28:00Z</time></trkpt><trkpt lat='42.870335999999995' lon='0.192762'><ele>2301</ele><time>2026-08-01T04:28:00Z</time></trkpt><trkpt lat='42.870354999999996' lon='0.192708'><ele>2301</ele><time>2026-08-01T04:28:04Z</time></trkpt><trkpt lat='42.870363' lon='0.192685'><ele>2301</ele><time>2026-08-01T04:28:04Z</time></trkpt><trkpt lat='42.870366999999995' lon='0.192665'><ele>2301</ele><time>2026-08-01T04:28:09Z</time></trkpt><trkpt lat='42.870380999999995' lon='0.192633'><ele>2301</ele><time>2026-08-01T04:28:09Z</time></trkpt><trkpt lat='42.87039' lon='0.192602'><ele>2301</ele><time>2026-08-01T04:28:13Z</time></trkpt><trkpt lat='42.870388999999996' lon='0.192577'><ele>2301</ele><time>2026-08-01T04:28:13Z</time></trkpt><trkpt lat='42.87039' lon='0.192602'><ele>2301</ele><time>2026-08-01T04:28:13Z</time></trkpt><trkpt lat='42.870405999999996' lon='0.192552'><ele>2301</ele><time>2026-08-01T04:28:18Z</time></trkpt><trkpt lat='42.870407' lon='0.192512'><ele>2301</ele><time>2026-08-01T04:28:18Z</time></trkpt><trkpt lat='42.870408999999995' lon='0.192482'><ele>2301</ele><time>2026-08-01T04:28:22Z</time></trkpt><trkpt lat='42.870418' lon='0.192458'><ele>2302</ele><time>2026-08-01T04:28:22Z</time></trkpt><trkpt lat='42.870421' lon='0.192415'><ele>2302</ele><time>2026-08-01T04:28:27Z</time></trkpt><trkpt lat='42.870429' lon='0.19236399999999998'><ele>2302</ele><time>2026-08-01T04:28:27Z</time></trkpt><trkpt lat='42.87043' lon='0.19230699999999998'><ele>2302</ele><time>2026-08-01T04:28:31Z</time></trkpt><trkpt lat='42.870444' lon='0.19216999999999998'><ele>2303</ele><time>2026-08-01T04:28:40Z</time></trkpt><trkpt lat='42.87045' lon='0.192111'><ele>2304</ele><time>2026-08-01T04:28:40Z</time></trkpt><trkpt lat='42.870436999999995' lon='0.192105'><ele>2305</ele><time>2026-08-01T04:28:40Z</time></trkpt><trkpt lat='42.870539' lon='0.19172999999999998'><ele>2307</ele><time>2026-08-01T04:29:03Z</time></trkpt><trkpt lat='42.870264' lon='0.191746'><ele>2308</ele><time>2026-08-01T04:29:25Z</time></trkpt><trkpt lat='42.870118' lon='0.191553'><ele>2310</ele><time>2026-08-01T04:29:39Z</time></trkpt><trkpt lat='42.870208999999996' lon='0.191494'><ele>2311</ele><time>2026-08-01T04:29:48Z</time></trkpt><trkpt lat='42.870256' lon='0.191247'><ele>2312</ele><time>2026-08-01T04:30:06Z</time></trkpt><trkpt lat='42.870275' lon='0.19106399999999998'><ele>2312</ele><time>2026-08-01T04:30:15Z</time></trkpt><trkpt lat='42.870303' lon='0.191016'><ele>2313</ele><time>2026-08-01T04:30:19Z</time></trkpt><trkpt lat='42.870467999999995' lon='0.19075299999999998'><ele>2314</ele><time>2026-08-01T04:30:37Z</time></trkpt><trkpt lat='42.870484' lon='0.190657'><ele>2315</ele><time>2026-08-01T04:30:42Z</time></trkpt><trkpt lat='42.870472' lon='0.190517'><ele>2316</ele><time>2026-08-01T04:30:55Z</time></trkpt><trkpt lat='42.870315' lon='0.190356'><ele>2319</ele><time>2026-08-01T04:31:09Z</time></trkpt><trkpt lat='42.870295' lon='0.190158'><ele>2319</ele><time>2026-08-01T04:31:22Z</time></trkpt><trkpt lat='42.870318999999995' lon='0.189933'><ele>2320</ele><time>2026-08-01T04:31:36Z</time></trkpt><trkpt lat='42.870405' lon='0.18956199999999998'><ele>2319</ele><time>2026-08-01T04:31:54Z</time></trkpt><trkpt lat='42.870397' lon='0.189357'><ele>2318</ele><time>2026-08-01T04:32:07Z</time></trkpt><trkpt lat='42.870387' lon='0.189189'><ele>2316</ele><time>2026-08-01T04:32:16Z</time></trkpt><trkpt lat='42.870387' lon='0.189189'><ele>2314</ele><time>2026-08-01T04:32:16Z</time></trkpt><trkpt lat='42.870379' lon='0.189082'><ele>2312</ele><time>2026-08-01T04:32:30Z</time></trkpt><trkpt lat='42.870436999999995' lon='0.18900499999999998'><ele>2309</ele><time>2026-08-01T04:32:39Z</time></trkpt><trkpt lat='42.870430999999996' lon='0.188836'><ele>2306</ele><time>2026-08-01T04:32:52Z</time></trkpt><trkpt lat='42.870343999999996' lon='0.18875499999999998'><ele>2303</ele><time>2026-08-01T04:33:01Z</time></trkpt><trkpt lat='42.870277' lon='0.188693'><ele>2301</ele><time>2026-08-01T04:33:10Z</time></trkpt><trkpt lat='42.870301' lon='0.188543'><ele>2298</ele><time>2026-08-01T04:33:19Z</time></trkpt><trkpt lat='42.870487999999995' lon='0.188377'><ele>2296</ele><time>2026-08-01T04:33:33Z</time></trkpt><trkpt lat='42.870509' lon='0.188267'><ele>2294</ele><time>2026-08-01T04:33:37Z</time></trkpt><trkpt lat='42.87048' lon='0.18809299999999998'><ele>2291</ele><time>2026-08-01T04:33:51Z</time></trkpt><trkpt lat='42.870539' lon='0.187964'><ele>2292</ele><time>2026-08-01T04:34:00Z</time></trkpt><trkpt lat='42.870818' lon='0.187696'><ele>2289</ele><time>2026-08-01T04:34:22Z</time></trkpt><trkpt lat='42.871099' lon='0.18726399999999999'><ele>2290</ele><time>2026-08-01T04:34:54Z</time></trkpt><trkpt lat='42.871044' lon='0.186723'><ele>2289</ele><time>2026-08-01T04:35:25Z</time></trkpt><trkpt lat='42.871044' lon='0.18664699999999998'><ele>2290</ele><time>2026-08-01T04:35:30Z</time></trkpt><trkpt lat='42.871033999999995' lon='0.18661'><ele>2290</ele><time>2026-08-01T04:35:34Z</time></trkpt><trkpt lat='42.871029' lon='0.186582'><ele>2289</ele><time>2026-08-01T04:35:34Z</time></trkpt><trkpt lat='42.871029' lon='0.186551'><ele>2289</ele><time>2026-08-01T04:35:34Z</time></trkpt><trkpt lat='42.871035' lon='0.18652'><ele>2288</ele><time>2026-08-01T04:35:39Z</time></trkpt><trkpt lat='42.871049' lon='0.186499'><ele>2288</ele><time>2026-08-01T04:35:39Z</time></trkpt><trkpt lat='42.871061999999995' lon='0.18648499999999998'><ele>2287</ele><time>2026-08-01T04:35:39Z</time></trkpt><trkpt lat='42.871072' lon='0.186448'><ele>2285</ele><time>2026-08-01T04:35:43Z</time></trkpt><trkpt lat='42.871089999999995' lon='0.186394'><ele>2284</ele><time>2026-08-01T04:35:48Z</time></trkpt><trkpt lat='42.871047999999995' lon='0.186303'><ele>2282</ele><time>2026-08-01T04:35:52Z</time></trkpt><trkpt lat='42.870779999999996' lon='0.18606999999999999'><ele>2280</ele><time>2026-08-01T04:36:10Z</time></trkpt><trkpt lat='42.87057' lon='0.18583'><ele>2278</ele><time>2026-08-01T04:36:28Z</time></trkpt><trkpt lat='42.870509999999996' lon='0.18578999999999998'><ele>2276</ele><time>2026-08-01T04:36:33Z</time></trkpt><trkpt lat='42.87049' lon='0.18574'><ele>2273</ele><time>2026-08-01T04:36:37Z</time></trkpt><trkpt lat='42.870259999999995' lon='0.18563'><ele>2271</ele><time>2026-08-01T04:36:51Z</time></trkpt><trkpt lat='42.87' lon='0.18578999999999998'><ele>2268</ele><time>2026-08-01T04:37:09Z</time></trkpt><trkpt lat='42.86989' lon='0.18577'><ele>2264</ele><time>2026-08-01T04:37:13Z</time></trkpt><trkpt lat='42.869499999999995' lon='0.18594'><ele>2261</ele><time>2026-08-01T04:37:36Z</time></trkpt><trkpt lat='42.86936' lon='0.18603999999999998'><ele>2257</ele><time>2026-08-01T04:37:45Z</time></trkpt><trkpt lat='42.869319999999995' lon='0.18603999999999998'><ele>2254</ele><time>2026-08-01T04:37:49Z</time></trkpt><trkpt lat='42.86887' lon='0.18641'><ele>2249</ele><time>2026-08-01T04:38:12Z</time></trkpt><trkpt lat='42.86878' lon='0.18645'><ele>2246</ele><time>2026-08-01T04:38:39Z</time></trkpt><trkpt lat='42.86869' lon='0.18645'><ele>2241</ele><time>2026-08-01T04:38:57Z</time></trkpt><trkpt lat='42.8684' lon='0.18652'><ele>2238</ele><time>2026-08-01T04:39:15Z</time></trkpt><trkpt lat='42.868269999999995' lon='0.18656999999999999'><ele>2235</ele><time>2026-08-01T04:39:20Z</time></trkpt><trkpt lat='42.86815' lon='0.18656'><ele>2231</ele><time>2026-08-01T04:39:38Z</time></trkpt><trkpt lat='42.86812' lon='0.18658'><ele>2228</ele><time>2026-08-01T04:39:47Z</time></trkpt><trkpt lat='42.867979999999996' lon='0.18656999999999999'><ele>2225</ele><time>2026-08-01T04:40:09Z</time></trkpt><trkpt lat='42.867799999999995' lon='0.18669'><ele>2222</ele><time>2026-08-01T04:40:27Z</time></trkpt><trkpt lat='42.86774' lon='0.18669'><ele>2219</ele><time>2026-08-01T04:40:32Z</time></trkpt><trkpt lat='42.8677' lon='0.18674'><ele>2216</ele><time>2026-08-01T04:40:36Z</time></trkpt><trkpt lat='42.867419999999996' lon='0.18695'><ele>2213</ele><time>2026-08-01T04:40:54Z</time></trkpt><trkpt lat='42.86737' lon='0.18696'><ele>2211</ele><time>2026-08-01T04:41:08Z</time></trkpt><trkpt lat='42.86734' lon='0.18700999999999998'><ele>2209</ele><time>2026-08-01T04:41:21Z</time></trkpt><trkpt lat='42.86712' lon='0.1871'><ele>2207</ele><time>2026-08-01T04:41:39Z</time></trkpt><trkpt lat='42.86707' lon='0.1871'><ele>2206</ele><time>2026-08-01T04:41:44Z</time></trkpt><trkpt lat='42.866769999999995' lon='0.18724'><ele>2204</ele><time>2026-08-01T04:42:06Z</time></trkpt><trkpt lat='42.866659999999996' lon='0.18722'><ele>2204</ele><time>2026-08-01T04:42:15Z</time></trkpt><trkpt lat='42.86654' lon='0.18722'><ele>2203</ele><time>2026-08-01T04:42:24Z</time></trkpt><trkpt lat='42.86651' lon='0.18722999999999998'><ele>2202</ele><time>2026-08-01T04:42:29Z</time></trkpt><trkpt lat='42.866409999999995' lon='0.18722'><ele>2202</ele><time>2026-08-01T04:42:33Z</time></trkpt><trkpt lat='42.86629' lon='0.18722999999999998'><ele>2201</ele><time>2026-08-01T04:42:47Z</time></trkpt><trkpt lat='42.86615' lon='0.1872'><ele>2200</ele><time>2026-08-01T04:42:56Z</time></trkpt><trkpt lat='42.86607' lon='0.18722999999999998'><ele>2199</ele><time>2026-08-01T04:43:00Z</time></trkpt><trkpt lat='42.86597' lon='0.18724'><ele>2198</ele><time>2026-08-01T04:43:09Z</time></trkpt><trkpt lat='42.86588' lon='0.18728'><ele>2196</ele><time>2026-08-01T04:43:09Z</time></trkpt><trkpt lat='42.8658' lon='0.18725'><ele>2195</ele><time>2026-08-01T04:43:14Z</time></trkpt><trkpt lat='42.86568' lon='0.18725'><ele>2193</ele><time>2026-08-01T04:43:23Z</time></trkpt><trkpt lat='42.865629999999996' lon='0.18722'><ele>2192</ele><time>2026-08-01T04:43:23Z</time></trkpt><trkpt lat='42.86555' lon='0.18722999999999998'><ele>2190</ele><time>2026-08-01T04:43:32Z</time></trkpt><trkpt lat='42.865469999999995' lon='0.1872'><ele>2188</ele><time>2026-08-01T04:43:36Z</time></trkpt><trkpt lat='42.86542' lon='0.1872'><ele>2187</ele><time>2026-08-01T04:43:50Z</time></trkpt><trkpt lat='42.86539' lon='0.18722'><ele>2185</ele><time>2026-08-01T04:43:59Z</time></trkpt><trkpt lat='42.865359999999995' lon='0.18721'><ele>2183</ele><time>2026-08-01T04:44:03Z</time></trkpt><trkpt lat='42.8653' lon='0.18711999999999998'><ele>2181</ele><time>2026-08-01T04:44:12Z</time></trkpt><trkpt lat='42.86524' lon='0.18708999999999998'><ele>2179</ele><time>2026-08-01T04:44:17Z</time></trkpt><trkpt lat='42.865159999999996' lon='0.18700999999999998'><ele>2176</ele><time>2026-08-01T04:44:26Z</time></trkpt><trkpt lat='42.865069999999996' lon='0.18688'><ele>2174</ele><time>2026-08-01T04:44:35Z</time></trkpt><trkpt lat='42.86499' lon='0.18689999999999998'><ele>2170</ele><time>2026-08-01T04:44:57Z</time></trkpt><trkpt lat='42.864959999999996' lon='0.18692999999999999'><ele>2168</ele><time>2026-08-01T04:45:11Z</time></trkpt><trkpt lat='42.864869999999996' lon='0.18692'><ele>2165</ele><time>2026-08-01T04:45:29Z</time></trkpt><trkpt lat='42.86484' lon='0.18689'><ele>2164</ele><time>2026-08-01T04:45:38Z</time></trkpt><trkpt lat='42.86473' lon='0.18695'><ele>2160</ele><time>2026-08-01T04:45:51Z</time></trkpt><trkpt lat='42.86467' lon='0.18696'><ele>2159</ele><time>2026-08-01T04:45:56Z</time></trkpt><trkpt lat='42.86463' lon='0.18692999999999999'><ele>2157</ele><time>2026-08-01T04:46:00Z</time></trkpt><trkpt lat='42.86452' lon='0.18699'><ele>2156</ele><time>2026-08-01T04:46:05Z</time></trkpt><trkpt lat='42.86434' lon='0.18697'><ele>2154</ele><time>2026-08-01T04:46:18Z</time></trkpt><trkpt lat='42.86427' lon='0.18691'><ele>2154</ele><time>2026-08-01T04:46:23Z</time></trkpt><trkpt lat='42.864219999999996' lon='0.18691'><ele>2153</ele><time>2026-08-01T04:46:23Z</time></trkpt><trkpt lat='42.86418' lon='0.18694'><ele>2152</ele><time>2026-08-01T04:46:27Z</time></trkpt><trkpt lat='42.86412' lon='0.18692999999999999'><ele>2151</ele><time>2026-08-01T04:46:32Z</time></trkpt><trkpt lat='42.864039999999996' lon='0.18694'><ele>2150</ele><time>2026-08-01T04:46:36Z</time></trkpt><trkpt lat='42.86392' lon='0.187'><ele>2148</ele><time>2026-08-01T04:46:41Z</time></trkpt><trkpt lat='42.86385' lon='0.18695'><ele>2146</ele><time>2026-08-01T04:46:50Z</time></trkpt><trkpt lat='42.8638' lon='0.18694'><ele>2144</ele><time>2026-08-01T04:46:59Z</time></trkpt><trkpt lat='42.86364' lon='0.18705'><ele>2142</ele><time>2026-08-01T04:47:12Z</time></trkpt><trkpt lat='42.863499999999995' lon='0.18703999999999998'><ele>2139</ele><time>2026-08-01T04:47:17Z</time></trkpt><trkpt lat='42.86334' lon='0.18716'><ele>2137</ele><time>2026-08-01T04:47:30Z</time></trkpt><trkpt lat='42.863279999999996' lon='0.18722'><ele>2135</ele><time>2026-08-01T04:47:30Z</time></trkpt><trkpt lat='42.86326' lon='0.18728'><ele>2134</ele><time>2026-08-01T04:47:39Z</time></trkpt><trkpt lat='42.8632' lon='0.18732'><ele>2131</ele><time>2026-08-01T04:47:53Z</time></trkpt><trkpt lat='42.86314' lon='0.18728999999999998'><ele>2130</ele><time>2026-08-01T04:47:57Z</time></trkpt><trkpt lat='42.86289' lon='0.18733'><ele>2127</ele><time>2026-08-01T04:48:11Z</time></trkpt><trkpt lat='42.86266' lon='0.18732'><ele>2125</ele><time>2026-08-01T04:48:24Z</time></trkpt><trkpt lat='42.862539999999996' lon='0.18728999999999998'><ele>2123</ele><time>2026-08-01T04:48:33Z</time></trkpt><trkpt lat='42.86239' lon='0.18728'><ele>2121</ele><time>2026-08-01T04:48:42Z</time></trkpt><trkpt lat='42.86226' lon='0.18731'><ele>2119</ele><time>2026-08-01T04:48:47Z</time></trkpt><trkpt lat='42.8622' lon='0.18728'><ele>2117</ele><time>2026-08-01T04:48:56Z</time></trkpt><trkpt lat='42.86183' lon='0.18724'><ele>2115</ele><time>2026-08-01T04:49:23Z</time></trkpt><trkpt lat='42.86159' lon='0.18725'><ele>2114</ele><time>2026-08-01T04:49:41Z</time></trkpt><trkpt lat='42.86147' lon='0.18732'><ele>2112</ele><time>2026-08-01T04:49:50Z</time></trkpt><trkpt lat='42.86143' lon='0.18732'><ele>2111</ele><time>2026-08-01T04:49:54Z</time></trkpt><trkpt lat='42.861349999999995' lon='0.18728999999999998'><ele>2110</ele><time>2026-08-01T04:50:03Z</time></trkpt><trkpt lat='42.86132' lon='0.18725999999999998'><ele>2109</ele><time>2026-08-01T04:50:03Z</time></trkpt><trkpt lat='42.86119' lon='0.18727'><ele>2107</ele><time>2026-08-01T04:50:08Z</time></trkpt><trkpt lat='42.86112' lon='0.18722999999999998'><ele>2106</ele><time>2026-08-01T04:50:12Z</time></trkpt><trkpt lat='42.86096' lon='0.18717999999999999'><ele>2105</ele><time>2026-08-01T04:50:21Z</time></trkpt><trkpt lat='42.86091' lon='0.18719'><ele>2103</ele><time>2026-08-01T04:50:26Z</time></trkpt><trkpt lat='42.860879999999995' lon='0.18722'><ele>2102</ele><time>2026-08-01T04:50:30Z</time></trkpt><trkpt lat='42.86079' lon='0.18721'><ele>2100</ele><time>2026-08-01T04:50:35Z</time></trkpt><trkpt lat='42.86065' lon='0.1873'><ele>2099</ele><time>2026-08-01T04:50:39Z</time></trkpt><trkpt lat='42.86063' lon='0.18728999999999998'><ele>2098</ele><time>2026-08-01T04:50:44Z</time></trkpt><trkpt lat='42.860569999999996' lon='0.18733'><ele>2096</ele><time>2026-08-01T04:50:48Z</time></trkpt><trkpt lat='42.860549999999996' lon='0.18741'><ele>2095</ele><time>2026-08-01T04:50:53Z</time></trkpt><trkpt lat='42.86042' lon='0.18757'><ele>2093</ele><time>2026-08-01T04:51:06Z</time></trkpt><trkpt lat='42.86031' lon='0.1876'><ele>2092</ele><time>2026-08-01T04:51:11Z</time></trkpt><trkpt lat='42.86026' lon='0.18764999999999998'><ele>2089</ele><time>2026-08-01T04:51:15Z</time></trkpt><trkpt lat='42.86017' lon='0.18764999999999998'><ele>2087</ele><time>2026-08-01T04:51:24Z</time></trkpt><trkpt lat='42.860029999999995' lon='0.18775'><ele>2084</ele><time>2026-08-01T04:51:33Z</time></trkpt><trkpt lat='42.86' lon='0.18786'><ele>2081</ele><time>2026-08-01T04:51:56Z</time></trkpt><trkpt lat='42.85995' lon='0.18792'><ele>2078</ele><time>2026-08-01T04:52:09Z</time></trkpt><trkpt lat='42.85986' lon='0.18789999999999998'><ele>2075</ele><time>2026-08-01T04:52:18Z</time></trkpt><trkpt lat='42.8598' lon='0.18808999999999998'><ele>2073</ele><time>2026-08-01T04:52:27Z</time></trkpt><trkpt lat='42.85976' lon='0.18808999999999998'><ele>2070</ele><time>2026-08-01T04:52:41Z</time></trkpt><trkpt lat='42.8597' lon='0.18816'><ele>2068</ele><time>2026-08-01T04:52:59Z</time></trkpt><trkpt lat='42.859649999999995' lon='0.18818'><ele>2065</ele><time>2026-08-01T04:53:12Z</time></trkpt><trkpt lat='42.85962' lon='0.1883'><ele>2063</ele><time>2026-08-01T04:53:26Z</time></trkpt><trkpt lat='42.85958' lon='0.18836999999999998'><ele>2060</ele><time>2026-08-01T04:53:39Z</time></trkpt><trkpt lat='42.859469999999995' lon='0.18843'><ele>2057</ele><time>2026-08-01T04:53:53Z</time></trkpt><trkpt lat='42.859449999999995' lon='0.18842'><ele>2055</ele><time>2026-08-01T04:53:57Z</time></trkpt><trkpt lat='42.859429999999996' lon='0.18846'><ele>2052</ele><time>2026-08-01T04:54:06Z</time></trkpt><trkpt lat='42.859339999999996' lon='0.18850999999999998'><ele>2049</ele><time>2026-08-01T04:54:20Z</time></trkpt><trkpt lat='42.85928' lon='0.18847999999999998'><ele>2047</ele><time>2026-08-01T04:54:29Z</time></trkpt><trkpt lat='42.859249999999996' lon='0.18849'><ele>2044</ele><time>2026-08-01T04:54:38Z</time></trkpt><trkpt lat='42.85922' lon='0.18861999999999998'><ele>2042</ele><time>2026-08-01T04:55:00Z</time></trkpt><trkpt lat='42.859159999999996' lon='0.18866'><ele>2040</ele><time>2026-08-01T04:55:09Z</time></trkpt><trkpt lat='42.8591' lon='0.18866'><ele>2038</ele><time>2026-08-01T04:55:18Z</time></trkpt><trkpt lat='42.859069999999996' lon='0.18878999999999999'><ele>2036</ele><time>2026-08-01T04:55:27Z</time></trkpt><trkpt lat='42.85899' lon='0.18896'><ele>2034</ele><time>2026-08-01T04:55:32Z</time></trkpt><trkpt lat='42.85897' lon='0.18905'><ele>2032</ele><time>2026-08-01T04:55:45Z</time></trkpt><trkpt lat='42.858909999999995' lon='0.18911'><ele>2029</ele><time>2026-08-01T04:55:59Z</time></trkpt><trkpt lat='42.85882' lon='0.18925'><ele>2027</ele><time>2026-08-01T04:56:08Z</time></trkpt><trkpt lat='42.85873' lon='0.18954'><ele>2024</ele><time>2026-08-01T04:56:17Z</time></trkpt><trkpt lat='42.858599999999996' lon='0.18968'><ele>2022</ele><time>2026-08-01T04:56:26Z</time></trkpt><trkpt lat='42.858489999999996' lon='0.18975'><ele>2020</ele><time>2026-08-01T04:56:35Z</time></trkpt><trkpt lat='42.85843' lon='0.18986'><ele>2018</ele><time>2026-08-01T04:56:44Z</time></trkpt><trkpt lat='42.85841' lon='0.19004'><ele>2017</ele><time>2026-08-01T04:56:48Z</time></trkpt><trkpt lat='42.858439999999995' lon='0.19021'><ele>2015</ele><time>2026-08-01T04:56:53Z</time></trkpt><trkpt lat='42.85841' lon='0.19036999999999998'><ele>2015</ele><time>2026-08-01T04:57:02Z</time></trkpt><trkpt lat='42.85839' lon='0.19039999999999999'><ele>2014</ele><time>2026-08-01T04:57:02Z</time></trkpt><trkpt lat='42.85834' lon='0.19041'><ele>2013</ele><time>2026-08-01T04:57:06Z</time></trkpt><trkpt lat='42.85829' lon='0.19046'><ele>2012</ele><time>2026-08-01T04:57:11Z</time></trkpt><trkpt lat='42.85826' lon='0.19053'><ele>2011</ele><time>2026-08-01T04:57:11Z</time></trkpt><trkpt lat='42.85818' lon='0.19057'><ele>2010</ele><time>2026-08-01T04:57:20Z</time></trkpt><trkpt lat='42.858149999999995' lon='0.19063'><ele>2010</ele><time>2026-08-01T04:57:24Z</time></trkpt><trkpt lat='42.85808' lon='0.19066'><ele>2008</ele><time>2026-08-01T04:57:29Z</time></trkpt><trkpt lat='42.858059999999995' lon='0.19069999999999998'><ele>2008</ele><time>2026-08-01T04:57:33Z</time></trkpt><trkpt lat='42.858039999999995' lon='0.19111999999999998'><ele>2006</ele><time>2026-08-01T04:57:56Z</time></trkpt><trkpt lat='42.85794' lon='0.1913'><ele>2006</ele><time>2026-08-01T04:58:09Z</time></trkpt><trkpt lat='42.8577' lon='0.19147'><ele>2004</ele><time>2026-08-01T04:58:32Z</time></trkpt><trkpt lat='42.857589999999995' lon='0.19158999999999998'><ele>2003</ele><time>2026-08-01T04:58:41Z</time></trkpt><trkpt lat='42.85756' lon='0.19158'><ele>2002</ele><time>2026-08-01T04:58:45Z</time></trkpt><trkpt lat='42.85751' lon='0.1916'><ele>2001</ele><time>2026-08-01T04:58:50Z</time></trkpt><trkpt lat='42.85725' lon='0.19179'><ele>1999</ele><time>2026-08-01T04:59:12Z</time></trkpt><trkpt lat='42.857099999999996' lon='0.19186999999999999'><ele>1998</ele><time>2026-08-01T04:59:26Z</time></trkpt><trkpt lat='42.85704' lon='0.19188'><ele>1996</ele><time>2026-08-01T04:59:30Z</time></trkpt><trkpt lat='42.856919999999995' lon='0.19194999999999998'><ele>1995</ele><time>2026-08-01T04:59:39Z</time></trkpt><trkpt lat='42.85668' lon='0.19194999999999998'><ele>1993</ele><time>2026-08-01T04:59:53Z</time></trkpt><trkpt lat='42.85655' lon='0.19205'><ele>1991</ele><time>2026-08-01T05:00:02Z</time></trkpt><trkpt lat='42.856469999999995' lon='0.19207'><ele>1990</ele><time>2026-08-01T05:00:06Z</time></trkpt><trkpt lat='42.85642' lon='0.19215'><ele>1988</ele><time>2026-08-01T05:00:11Z</time></trkpt><trkpt lat='42.856339999999996' lon='0.19241999999999998'><ele>1987</ele><time>2026-08-01T05:00:29Z</time></trkpt><trkpt lat='42.85623' lon='0.19247999999999998'><ele>1986</ele><time>2026-08-01T05:00:38Z</time></trkpt><trkpt lat='42.8561' lon='0.19263999999999998'><ele>1985</ele><time>2026-08-01T05:00:51Z</time></trkpt><trkpt lat='42.85592' lon='0.19280999999999998'><ele>1984</ele><time>2026-08-01T05:01:09Z</time></trkpt><trkpt lat='42.85584' lon='0.19285'><ele>1983</ele><time>2026-08-01T05:01:14Z</time></trkpt><trkpt lat='42.85574' lon='0.19286999999999999'><ele>1981</ele><time>2026-08-01T05:01:18Z</time></trkpt><trkpt lat='42.85572' lon='0.19288999999999998'><ele>1981</ele><time>2026-08-01T05:01:23Z</time></trkpt><trkpt lat='42.85556' lon='0.19291'><ele>1979</ele><time>2026-08-01T05:01:27Z</time></trkpt><trkpt lat='42.85547' lon='0.19294999999999998'><ele>1979</ele><time>2026-08-01T05:01:36Z</time></trkpt><trkpt lat='42.85543' lon='0.19304'><ele>1978</ele><time>2026-08-01T05:01:41Z</time></trkpt><trkpt lat='42.85539' lon='0.19305999999999998'><ele>1978</ele><time>2026-08-01T05:01:45Z</time></trkpt><trkpt lat='42.85534' lon='0.19305'><ele>1977</ele><time>2026-08-01T05:01:50Z</time></trkpt><trkpt lat='42.85526' lon='0.19308999999999998'><ele>1977</ele><time>2026-08-01T05:01:54Z</time></trkpt><trkpt lat='42.85523' lon='0.19305999999999998'><ele>1976</ele><time>2026-08-01T05:01:59Z</time></trkpt><trkpt lat='42.855149999999995' lon='0.19305999999999998'><ele>1976</ele><time>2026-08-01T05:02:03Z</time></trkpt><trkpt lat='42.855129999999996' lon='0.19302999999999998'><ele>1975</ele><time>2026-08-01T05:02:08Z</time></trkpt><trkpt lat='42.85505' lon='0.19302999999999998'><ele>1975</ele><time>2026-08-01T05:02:17Z</time></trkpt><trkpt lat='42.85491' lon='0.19307'><ele>1974</ele><time>2026-08-01T05:02:26Z</time></trkpt><trkpt lat='42.85488' lon='0.19313999999999998'><ele>1973</ele><time>2026-08-01T05:02:30Z</time></trkpt><trkpt lat='42.85487' lon='0.19330999999999998'><ele>1973</ele><time>2026-08-01T05:02:39Z</time></trkpt><trkpt lat='42.854769999999995' lon='0.19344'><ele>1972</ele><time>2026-08-01T05:02:53Z</time></trkpt><trkpt lat='42.85474' lon='0.19351'><ele>1972</ele><time>2026-08-01T05:02:57Z</time></trkpt><trkpt lat='42.85474' lon='0.19363'><ele>1972</ele><time>2026-08-01T05:03:02Z</time></trkpt><trkpt lat='42.85465' lon='0.19376'><ele>1972</ele><time>2026-08-01T05:03:11Z</time></trkpt><trkpt lat='42.85449' lon='0.19388'><ele>1972</ele><time>2026-08-01T05:03:29Z</time></trkpt><trkpt lat='42.85432' lon='0.19404'><ele>1972</ele><time>2026-08-01T05:03:42Z</time></trkpt><trkpt lat='42.854079999999996' lon='0.19416999999999998'><ele>1972</ele><time>2026-08-01T05:04:00Z</time></trkpt><trkpt lat='42.85396' lon='0.19426'><ele>1972</ele><time>2026-08-01T05:04:14Z</time></trkpt><trkpt lat='42.85386' lon='0.19429'><ele>1972</ele><time>2026-08-01T05:04:18Z</time></trkpt><trkpt lat='42.85358' lon='0.1943'><ele>1972</ele><time>2026-08-01T05:04:41Z</time></trkpt><trkpt lat='42.85351' lon='0.19435'><ele>1972</ele><time>2026-08-01T05:04:45Z</time></trkpt><trkpt lat='42.85342' lon='0.19437'><ele>1972</ele><time>2026-08-01T05:04:54Z</time></trkpt><trkpt lat='42.85339' lon='0.1944'><ele>1972</ele><time>2026-08-01T05:04:59Z</time></trkpt><trkpt lat='42.85335' lon='0.19441'><ele>1972</ele><time>2026-08-01T05:04:59Z</time></trkpt><trkpt lat='42.853069999999995' lon='0.19466999999999998'><ele>1972</ele><time>2026-08-01T05:05:26Z</time></trkpt><trkpt lat='42.85288' lon='0.19474999999999998'><ele>1972</ele><time>2026-08-01T05:05:39Z</time></trkpt><trkpt lat='42.85275' lon='0.19483999999999999'><ele>1972</ele><time>2026-08-01T05:05:53Z</time></trkpt><trkpt lat='42.85265' lon='0.19485'><ele>1972</ele><time>2026-08-01T05:06:02Z</time></trkpt><trkpt lat='42.852619999999995' lon='0.1949'><ele>1972</ele><time>2026-08-01T05:06:02Z</time></trkpt><trkpt lat='42.85257' lon='0.19491999999999998'><ele>1971</ele><time>2026-08-01T05:06:06Z</time></trkpt><trkpt lat='42.85253' lon='0.19491'><ele>1971</ele><time>2026-08-01T05:06:11Z</time></trkpt><trkpt lat='42.85241' lon='0.19494'><ele>1970</ele><time>2026-08-01T05:06:20Z</time></trkpt><trkpt lat='42.852289999999996' lon='0.19491999999999998'><ele>1969</ele><time>2026-08-01T05:06:29Z</time></trkpt><trkpt lat='42.852109999999996' lon='0.19485999999999998'><ele>1968</ele><time>2026-08-01T05:06:42Z</time></trkpt><trkpt lat='42.85197' lon='0.19479'><ele>1967</ele><time>2026-08-01T05:06:56Z</time></trkpt><trkpt lat='42.85191' lon='0.19474'><ele>1965</ele><time>2026-08-01T05:07:14Z</time></trkpt><trkpt lat='42.85187' lon='0.19476'><ele>1964</ele><time>2026-08-01T05:07:23Z</time></trkpt><trkpt lat='42.85183' lon='0.19471'><ele>1961</ele><time>2026-08-01T05:07:32Z</time></trkpt><trkpt lat='42.85174' lon='0.19469999999999998'><ele>1960</ele><time>2026-08-01T05:07:41Z</time></trkpt><trkpt lat='42.85169' lon='0.19455'><ele>1958</ele><time>2026-08-01T05:07:45Z</time></trkpt><trkpt lat='42.85158' lon='0.19452999999999998'><ele>1957</ele><time>2026-08-01T05:07:50Z</time></trkpt><trkpt lat='42.85144' lon='0.19441999999999998'><ele>1955</ele><time>2026-08-01T05:08:03Z</time></trkpt><trkpt lat='42.851369999999996' lon='0.19429'><ele>1954</ele><time>2026-08-01T05:08:12Z</time></trkpt><trkpt lat='42.851279999999996' lon='0.19419'><ele>1953</ele><time>2026-08-01T05:08:17Z</time></trkpt><trkpt lat='42.851209999999995' lon='0.19397'><ele>1952</ele><time>2026-08-01T05:08:35Z</time></trkpt><trkpt lat='42.85125' lon='0.19374'><ele>1952</ele><time>2026-08-01T05:08:44Z</time></trkpt><trkpt lat='42.851209999999995' lon='0.19363999999999998'><ele>1951</ele><time>2026-08-01T05:08:53Z</time></trkpt><trkpt lat='42.851119999999995' lon='0.19361'><ele>1951</ele><time>2026-08-01T05:08:57Z</time></trkpt><trkpt lat='42.85106' lon='0.19361'><ele>1950</ele><time>2026-08-01T05:09:02Z</time></trkpt><trkpt lat='42.85103' lon='0.19363'><ele>1949</ele><time>2026-08-01T05:09:06Z</time></trkpt><trkpt lat='42.851' lon='0.19361'><ele>1948</ele><time>2026-08-01T05:09:11Z</time></trkpt><trkpt lat='42.85093' lon='0.19343'><ele>1947</ele><time>2026-08-01T05:09:20Z</time></trkpt><trkpt lat='42.85084' lon='0.1933'><ele>1946</ele><time>2026-08-01T05:09:24Z</time></trkpt><trkpt lat='42.850809999999996' lon='0.19329'><ele>1945</ele><time>2026-08-01T05:09:29Z</time></trkpt><trkpt lat='42.85073' lon='0.19333999999999998'><ele>1944</ele><time>2026-08-01T05:09:38Z</time></trkpt><trkpt lat='42.850719999999995' lon='0.19338'><ele>1944</ele><time>2026-08-01T05:09:42Z</time></trkpt><trkpt lat='42.850629999999995' lon='0.19347999999999999'><ele>1943</ele><time>2026-08-01T05:09:47Z</time></trkpt><trkpt lat='42.85062' lon='0.19351'><ele>1943</ele><time>2026-08-01T05:09:51Z</time></trkpt><trkpt lat='42.85058' lon='0.19352'><ele>1942</ele><time>2026-08-01T05:09:56Z</time></trkpt><trkpt lat='42.85048' lon='0.19366999999999998'><ele>1942</ele><time>2026-08-01T05:10:05Z</time></trkpt><trkpt lat='42.85037' lon='0.19372999999999999'><ele>1941</ele><time>2026-08-01T05:10:14Z</time></trkpt><trkpt lat='42.85021' lon='0.19399'><ele>1941</ele><time>2026-08-01T05:10:36Z</time></trkpt><trkpt lat='42.85015' lon='0.19401'><ele>1940</ele><time>2026-08-01T05:10:41Z</time></trkpt><trkpt lat='42.85004' lon='0.19397'><ele>1939</ele><time>2026-08-01T05:10:50Z</time></trkpt><trkpt lat='42.84992' lon='0.19394999999999998'><ele>1939</ele><time>2026-08-01T05:10:59Z</time></trkpt><trkpt lat='42.849849999999996' lon='0.19391'><ele>1937</ele><time>2026-08-01T05:11:03Z</time></trkpt><trkpt lat='42.84983' lon='0.19388'><ele>1937</ele><time>2026-08-01T05:11:08Z</time></trkpt><trkpt lat='42.849669999999996' lon='0.19380999999999998'><ele>1937</ele><time>2026-08-01T05:11:21Z</time></trkpt><trkpt lat='42.84962' lon='0.19380999999999998'><ele>1937</ele><time>2026-08-01T05:11:26Z</time></trkpt><trkpt lat='42.84948' lon='0.19388'><ele>1937</ele><time>2026-08-01T05:11:35Z</time></trkpt><trkpt lat='42.849399999999996' lon='0.19394999999999998'><ele>1937</ele><time>2026-08-01T05:11:44Z</time></trkpt><trkpt lat='42.849329999999995' lon='0.19413999999999998'><ele>1937</ele><time>2026-08-01T05:11:53Z</time></trkpt><trkpt lat='42.84919' lon='0.19433'><ele>1937</ele><time>2026-08-01T05:12:11Z</time></trkpt><trkpt lat='42.84908' lon='0.19435'><ele>1937</ele><time>2026-08-01T05:12:20Z</time></trkpt><trkpt lat='42.849019999999996' lon='0.19432'><ele>1937</ele><time>2026-08-01T05:12:24Z</time></trkpt><trkpt lat='42.84898' lon='0.19438'><ele>1936</ele><time>2026-08-01T05:12:29Z</time></trkpt><trkpt lat='42.84869' lon='0.1946'><ele>1936</ele><time>2026-08-01T05:12:51Z</time></trkpt><trkpt lat='42.84859' lon='0.19473'><ele>1934</ele><time>2026-08-01T05:13:05Z</time></trkpt><trkpt lat='42.84854' lon='0.19474999999999998'><ele>1933</ele><time>2026-08-01T05:13:09Z</time></trkpt><trkpt lat='42.84814' lon='0.19479'><ele>1931</ele><time>2026-08-01T05:13:41Z</time></trkpt><trkpt lat='42.848' lon='0.19474999999999998'><ele>1929</ele><time>2026-08-01T05:13:54Z</time></trkpt><trkpt lat='42.84796' lon='0.19477'><ele>1928</ele><time>2026-08-01T05:13:59Z</time></trkpt><trkpt lat='42.847899999999996' lon='0.19469999999999998'><ele>1926</ele><time>2026-08-01T05:14:03Z</time></trkpt><trkpt lat='42.84787' lon='0.19471'><ele>1926</ele><time>2026-08-01T05:14:03Z</time></trkpt><trkpt lat='42.84767' lon='0.19466999999999998'><ele>1924</ele><time>2026-08-01T05:14:12Z</time></trkpt><trkpt lat='42.84764' lon='0.19468'><ele>1923</ele><time>2026-08-01T05:14:17Z</time></trkpt><trkpt lat='42.84762' lon='0.19462'><ele>1922</ele><time>2026-08-01T05:14:17Z</time></trkpt><trkpt lat='42.84758' lon='0.19458999999999999'><ele>1921</ele><time>2026-08-01T05:14:21Z</time></trkpt><trkpt lat='42.84757' lon='0.19454'><ele>1921</ele><time>2026-08-01T05:14:21Z</time></trkpt><trkpt lat='42.8475' lon='0.19451'><ele>1920</ele><time>2026-08-01T05:14:26Z</time></trkpt><trkpt lat='42.84748' lon='0.19444999999999998'><ele>1919</ele><time>2026-08-01T05:14:30Z</time></trkpt><trkpt lat='42.8474' lon='0.19444999999999998'><ele>1918</ele><time>2026-08-01T05:14:35Z</time></trkpt><trkpt lat='42.84726' lon='0.19441'><ele>1917</ele><time>2026-08-01T05:14:44Z</time></trkpt><trkpt lat='42.84721' lon='0.19444'><ele>1916</ele><time>2026-08-01T05:14:44Z</time></trkpt><trkpt lat='42.84718' lon='0.19441999999999998'><ele>1916</ele><time>2026-08-01T05:14:48Z</time></trkpt><trkpt lat='42.84715' lon='0.19443'><ele>1915</ele><time>2026-08-01T05:14:48Z</time></trkpt><trkpt lat='42.84711' lon='0.19447'><ele>1915</ele><time>2026-08-01T05:14:53Z</time></trkpt><trkpt lat='42.84702' lon='0.19446'><ele>1914</ele><time>2026-08-01T05:14:57Z</time></trkpt><trkpt lat='42.847' lon='0.19448'><ele>1913</ele><time>2026-08-01T05:14:57Z</time></trkpt><trkpt lat='42.846979999999995' lon='0.19446'><ele>1913</ele><time>2026-08-01T05:14:57Z</time></trkpt><trkpt lat='42.84694' lon='0.19447'><ele>1912</ele><time>2026-08-01T05:15:02Z</time></trkpt><trkpt lat='42.84693' lon='0.19449'><ele>1912</ele><time>2026-08-01T05:15:06Z</time></trkpt><trkpt lat='42.84694' lon='0.19454'><ele>1911</ele><time>2026-08-01T05:15:06Z</time></trkpt><trkpt lat='42.84683' lon='0.19466'><ele>1910</ele><time>2026-08-01T05:15:15Z</time></trkpt><trkpt lat='42.84675' lon='0.19468'><ele>1909</ele><time>2026-08-01T05:15:20Z</time></trkpt><trkpt lat='42.84668' lon='0.19466'><ele>1907</ele><time>2026-08-01T05:15:20Z</time></trkpt><trkpt lat='42.84663' lon='0.19466999999999998'><ele>1906</ele><time>2026-08-01T05:15:24Z</time></trkpt><trkpt lat='42.84657' lon='0.19473'><ele>1905</ele><time>2026-08-01T05:15:29Z</time></trkpt><trkpt lat='42.846509999999995' lon='0.19473'><ele>1904</ele><time>2026-08-01T05:15:33Z</time></trkpt><trkpt lat='42.84645' lon='0.19477'><ele>1903</ele><time>2026-08-01T05:15:33Z</time></trkpt><trkpt lat='42.84632' lon='0.19471'><ele>1902</ele><time>2026-08-01T05:15:42Z</time></trkpt><trkpt lat='42.846289999999996' lon='0.19466999999999998'><ele>1901</ele><time>2026-08-01T05:15:47Z</time></trkpt><trkpt lat='42.846239999999995' lon='0.19466999999999998'><ele>1900</ele><time>2026-08-01T05:15:47Z</time></trkpt><trkpt lat='42.84619' lon='0.19471'><ele>1898</ele><time>2026-08-01T05:15:51Z</time></trkpt><trkpt lat='42.846109999999996' lon='0.19473'><ele>1897</ele><time>2026-08-01T05:16:00Z</time></trkpt><trkpt lat='42.84581' lon='0.19472'><ele>1895</ele><time>2026-08-01T05:16:23Z</time></trkpt><trkpt lat='42.84576' lon='0.19469'><ele>1894</ele><time>2026-08-01T05:16:27Z</time></trkpt><trkpt lat='42.84572' lon='0.19469999999999998'><ele>1892</ele><time>2026-08-01T05:16:32Z</time></trkpt><trkpt lat='42.8456' lon='0.19485'><ele>1890</ele><time>2026-08-01T05:16:41Z</time></trkpt><trkpt lat='42.84553' lon='0.19504'><ele>1889</ele><time>2026-08-01T05:16:50Z</time></trkpt><trkpt lat='42.84545' lon='0.19505'><ele>1888</ele><time>2026-08-01T05:16:54Z</time></trkpt><trkpt lat='42.84542' lon='0.1951'><ele>1887</ele><time>2026-08-01T05:16:59Z</time></trkpt><trkpt lat='42.84536' lon='0.19512'><ele>1886</ele><time>2026-08-01T05:17:03Z</time></trkpt><trkpt lat='42.84523' lon='0.19535999999999998'><ele>1885</ele><time>2026-08-01T05:17:21Z</time></trkpt><trkpt lat='42.84515' lon='0.19541'><ele>1884</ele><time>2026-08-01T05:17:26Z</time></trkpt><trkpt lat='42.84512' lon='0.19546'><ele>1883</ele><time>2026-08-01T05:17:30Z</time></trkpt><trkpt lat='42.845099999999995' lon='0.19555999999999998'><ele>1882</ele><time>2026-08-01T05:17:35Z</time></trkpt><trkpt lat='42.84498' lon='0.1956'><ele>1881</ele><time>2026-08-01T05:17:44Z</time></trkpt><trkpt lat='42.84491' lon='0.19558999999999999'><ele>1880</ele><time>2026-08-01T05:17:48Z</time></trkpt><trkpt lat='42.84482' lon='0.19566999999999998'><ele>1879</ele><time>2026-08-01T05:17:53Z</time></trkpt><trkpt lat='42.84478' lon='0.19566999999999998'><ele>1878</ele><time>2026-08-01T05:17:57Z</time></trkpt><trkpt lat='42.84474' lon='0.19563'><ele>1876</ele><time>2026-08-01T05:18:02Z</time></trkpt><trkpt lat='42.84469' lon='0.19563'><ele>1875</ele><time>2026-08-01T05:18:06Z</time></trkpt><trkpt lat='42.84453' lon='0.19573'><ele>1873</ele><time>2026-08-01T05:18:15Z</time></trkpt><trkpt lat='42.844409999999996' lon='0.19585'><ele>1871</ele><time>2026-08-01T05:18:24Z</time></trkpt><trkpt lat='42.84438' lon='0.19585999999999998'><ele>1870</ele><time>2026-08-01T05:18:29Z</time></trkpt><trkpt lat='42.84429' lon='0.19580999999999998'><ele>1868</ele><time>2026-08-01T05:18:33Z</time></trkpt><trkpt lat='42.844229999999996' lon='0.19580999999999998'><ele>1866</ele><time>2026-08-01T05:18:38Z</time></trkpt><trkpt lat='42.84421' lon='0.19585999999999998'><ele>1865</ele><time>2026-08-01T05:18:42Z</time></trkpt><trkpt lat='42.844049999999996' lon='0.19593'><ele>1863</ele><time>2026-08-01T05:18:51Z</time></trkpt><trkpt lat='42.84399' lon='0.19598'><ele>1862</ele><time>2026-08-01T05:19:00Z</time></trkpt><trkpt lat='42.84393' lon='0.19599'><ele>1860</ele><time>2026-08-01T05:19:05Z</time></trkpt><trkpt lat='42.84391' lon='0.19596999999999998'><ele>1859</ele><time>2026-08-01T05:19:05Z</time></trkpt><trkpt lat='42.84388' lon='0.19598'><ele>1859</ele><time>2026-08-01T05:19:09Z</time></trkpt><trkpt lat='42.84383' lon='0.1961'><ele>1858</ele><time>2026-08-01T05:19:14Z</time></trkpt><trkpt lat='42.84381' lon='0.19612'><ele>1857</ele><time>2026-08-01T05:19:14Z</time></trkpt><trkpt lat='42.84377' lon='0.19610999999999998'><ele>1856</ele><time>2026-08-01T05:19:18Z</time></trkpt><trkpt lat='42.8437' lon='0.19619999999999999'><ele>1855</ele><time>2026-08-01T05:19:23Z</time></trkpt><trkpt lat='42.84364' lon='0.19619'><ele>1854</ele><time>2026-08-01T05:19:27Z</time></trkpt><trkpt lat='42.843599999999995' lon='0.19615'><ele>1853</ele><time>2026-08-01T05:19:32Z</time></trkpt><trkpt lat='42.84353' lon='0.19618'><ele>1852</ele><time>2026-08-01T05:19:36Z</time></trkpt><trkpt lat='42.84343' lon='0.19616999999999998'><ele>1850</ele><time>2026-08-01T05:19:41Z</time></trkpt><trkpt lat='42.84339' lon='0.19624'><ele>1850</ele><time>2026-08-01T05:19:45Z</time></trkpt><trkpt lat='42.84336' lon='0.19626'><ele>1848</ele><time>2026-08-01T05:19:50Z</time></trkpt><trkpt lat='42.843329999999995' lon='0.19633'><ele>1847</ele><time>2026-08-01T05:19:50Z</time></trkpt><trkpt lat='42.843289999999996' lon='0.19649999999999998'><ele>1846</ele><time>2026-08-01T05:19:59Z</time></trkpt><trkpt lat='42.84316' lon='0.19669999999999999'><ele>1845</ele><time>2026-08-01T05:20:17Z</time></trkpt><trkpt lat='42.84296' lon='0.19693'><ele>1844</ele><time>2026-08-01T05:20:35Z</time></trkpt><trkpt lat='42.842929999999996' lon='0.19705999999999999'><ele>1843</ele><time>2026-08-01T05:20:44Z</time></trkpt><trkpt lat='42.8429' lon='0.19707'><ele>1842</ele><time>2026-08-01T05:20:44Z</time></trkpt><trkpt lat='42.84287' lon='0.19704'><ele>1841</ele><time>2026-08-01T05:20:48Z</time></trkpt><trkpt lat='42.84283' lon='0.19705'><ele>1841</ele><time>2026-08-01T05:20:53Z</time></trkpt><trkpt lat='42.842729999999996' lon='0.1972'><ele>1841</ele><time>2026-08-01T05:21:06Z</time></trkpt><trkpt lat='42.84271' lon='0.19727999999999998'><ele>1841</ele><time>2026-08-01T05:21:11Z</time></trkpt><trkpt lat='42.84262' lon='0.19734'><ele>1841</ele><time>2026-08-01T05:21:15Z</time></trkpt><trkpt lat='42.8425' lon='0.1976'><ele>1842</ele><time>2026-08-01T05:21:33Z</time></trkpt><trkpt lat='42.84241' lon='0.19766999999999998'><ele>1842</ele><time>2026-08-01T05:21:42Z</time></trkpt><trkpt lat='42.842389999999995' lon='0.19774'><ele>1843</ele><time>2026-08-01T05:21:47Z</time></trkpt><trkpt lat='42.84234' lon='0.19774999999999998'><ele>1842</ele><time>2026-08-01T05:21:51Z</time></trkpt><trkpt lat='42.8422' lon='0.19785'><ele>1843</ele><time>2026-08-01T05:22:00Z</time></trkpt><trkpt lat='42.842079999999996' lon='0.19787'><ele>1843</ele><time>2026-08-01T05:22:09Z</time></trkpt><trkpt lat='42.842079999999996' lon='0.19791'><ele>1843</ele><time>2026-08-01T05:22:14Z</time></trkpt><trkpt lat='42.84211' lon='0.19795'><ele>1844</ele><time>2026-08-01T05:22:18Z</time></trkpt><trkpt lat='42.842099999999995' lon='0.19801'><ele>1844</ele><time>2026-08-01T05:22:18Z</time></trkpt><trkpt lat='42.84203' lon='0.19809'><ele>1844</ele><time>2026-08-01T05:22:27Z</time></trkpt><trkpt lat='42.841969999999996' lon='0.19812'><ele>1844</ele><time>2026-08-01T05:22:32Z</time></trkpt><trkpt lat='42.84189' lon='0.19821999999999998'><ele>1843</ele><time>2026-08-01T05:22:41Z</time></trkpt><trkpt lat='42.841719999999995' lon='0.19823'><ele>1842</ele><time>2026-08-01T05:22:54Z</time></trkpt><trkpt lat='42.84155' lon='0.19816999999999999'><ele>1841</ele><time>2026-08-01T05:23:08Z</time></trkpt><trkpt lat='42.84147' lon='0.19824999999999998'><ele>1840</ele><time>2026-08-01T05:23:17Z</time></trkpt><trkpt lat='42.84109' lon='0.19846'><ele>1839</ele><time>2026-08-01T05:23:48Z</time></trkpt><trkpt lat='42.841029999999996' lon='0.19843999999999998'><ele>1838</ele><time>2026-08-01T05:23:53Z</time></trkpt><trkpt lat='42.841' lon='0.1984'><ele>1838</ele><time>2026-08-01T05:23:57Z</time></trkpt><trkpt lat='42.8407' lon='0.19832'><ele>1837</ele><time>2026-08-01T05:24:24Z</time></trkpt><trkpt lat='42.84045' lon='0.19845'><ele>1837</ele><time>2026-08-01T05:24:42Z</time></trkpt><trkpt lat='42.84023' lon='0.19868999999999998'><ele>1836</ele><time>2026-08-01T05:25:05Z</time></trkpt><trkpt lat='42.840199999999996' lon='0.1987'><ele>1836</ele><time>2026-08-01T05:25:05Z</time></trkpt><trkpt lat='42.84014' lon='0.19868'><ele>1836</ele><time>2026-08-01T05:25:09Z</time></trkpt><trkpt lat='42.840109999999996' lon='0.1987'><ele>1836</ele><time>2026-08-01T05:25:14Z</time></trkpt><trkpt lat='42.84003' lon='0.19891'><ele>1836</ele><time>2026-08-01T05:25:27Z</time></trkpt><trkpt lat='42.840019999999996' lon='0.19902999999999998'><ele>1837</ele><time>2026-08-01T05:25:36Z</time></trkpt><trkpt lat='42.84005' lon='0.19909'><ele>1838</ele><time>2026-08-01T05:25:36Z</time></trkpt><trkpt lat='42.84015' lon='0.19921'><ele>1841</ele><time>2026-08-01T05:25:50Z</time></trkpt><trkpt lat='42.84021' lon='0.19924999999999998'><ele>1843</ele><time>2026-08-01T05:25:54Z</time></trkpt><trkpt lat='42.84025' lon='0.19932'><ele>1848</ele><time>2026-08-01T05:26:12Z</time></trkpt><trkpt lat='42.840309999999995' lon='0.19957'><ele>1850</ele><time>2026-08-01T05:26:30Z</time></trkpt><trkpt lat='42.84061' lon='0.19988999999999998'><ele>1856</ele><time>2026-08-01T05:27:06Z</time></trkpt><trkpt lat='42.84061' lon='0.19995'><ele>1858</ele><time>2026-08-01T05:27:20Z</time></trkpt><trkpt lat='42.840559999999996' lon='0.19995'><ele>1863</ele><time>2026-08-01T05:27:33Z</time></trkpt><trkpt lat='42.84055' lon='0.19999999999999998'><ele>1866</ele><time>2026-08-01T05:27:42Z</time></trkpt><trkpt lat='42.84046' lon='0.20015'><ele>1869</ele><time>2026-08-01T05:28:18Z</time></trkpt><trkpt lat='42.84043' lon='0.20032999999999998'><ele>1872</ele><time>2026-08-01T05:28:50Z</time></trkpt><trkpt lat='42.84041' lon='0.2004'><ele>1875</ele><time>2026-08-01T05:29:03Z</time></trkpt><trkpt lat='42.84028' lon='0.20054999999999998'><ele>1879</ele><time>2026-08-01T05:29:30Z</time></trkpt><trkpt lat='42.84027' lon='0.20065'><ele>1881</ele><time>2026-08-01T05:29:44Z</time></trkpt><trkpt lat='42.84021' lon='0.20071'><ele>1883</ele><time>2026-08-01T05:29:57Z</time></trkpt><trkpt lat='42.84019' lon='0.20079'><ele>1885</ele><time>2026-08-01T05:30:06Z</time></trkpt><trkpt lat='42.84001' lon='0.20085'><ele>1886</ele><time>2026-08-01T05:30:24Z</time></trkpt><trkpt lat='42.83996' lon='0.20090999999999998'><ele>1888</ele><time>2026-08-01T05:30:29Z</time></trkpt><trkpt lat='42.83986' lon='0.20098'><ele>1889</ele><time>2026-08-01T05:30:42Z</time></trkpt><trkpt lat='42.83971' lon='0.20117'><ele>1891</ele><time>2026-08-01T05:30:56Z</time></trkpt><trkpt lat='42.839549999999996' lon='0.20132999999999998'><ele>1893</ele><time>2026-08-01T05:31:14Z</time></trkpt><trkpt lat='42.83941' lon='0.20140999999999998'><ele>1894</ele><time>2026-08-01T05:31:28Z</time></trkpt><trkpt lat='42.83927' lon='0.20159'><ele>1897</ele><time>2026-08-01T05:31:46Z</time></trkpt><trkpt lat='42.83923' lon='0.20165'><ele>1898</ele><time>2026-08-01T05:31:59Z</time></trkpt><trkpt lat='42.83922' lon='0.2017'><ele>1900</ele><time>2026-08-01T05:32:04Z</time></trkpt><trkpt lat='42.83918' lon='0.20174999999999998'><ele>1901</ele><time>2026-08-01T05:32:13Z</time></trkpt><trkpt lat='42.83913' lon='0.20174'><ele>1902</ele><time>2026-08-01T05:32:26Z</time></trkpt><trkpt lat='42.83909' lon='0.20176'><ele>1905</ele><time>2026-08-01T05:32:35Z</time></trkpt><trkpt lat='42.83904' lon='0.20182'><ele>1906</ele><time>2026-08-01T05:32:44Z</time></trkpt><trkpt lat='42.83886' lon='0.20213'><ele>1909</ele><time>2026-08-01T05:33:07Z</time></trkpt><trkpt lat='42.838809999999995' lon='0.20217'><ele>1911</ele><time>2026-08-01T05:33:16Z</time></trkpt><trkpt lat='42.83855' lon='0.20224'><ele>1912</ele><time>2026-08-01T05:33:38Z</time></trkpt><trkpt lat='42.838499999999996' lon='0.20234'><ele>1915</ele><time>2026-08-01T05:33:47Z</time></trkpt><trkpt lat='42.838339999999995' lon='0.20235'><ele>1915</ele><time>2026-08-01T05:34:05Z</time></trkpt><trkpt lat='42.83828' lon='0.20243999999999998'><ele>1919</ele><time>2026-08-01T05:34:14Z</time></trkpt><trkpt lat='42.838249999999995' lon='0.20256'><ele>1919</ele><time>2026-08-01T05:34:32Z</time></trkpt><trkpt lat='42.83821' lon='0.20263'><ele>1923</ele><time>2026-08-01T05:34:41Z</time></trkpt><trkpt lat='42.83817' lon='0.20264'><ele>1923</ele><time>2026-08-01T05:34:46Z</time></trkpt><trkpt lat='42.838119999999996' lon='0.20271999999999998'><ele>1926</ele><time>2026-08-01T05:34:55Z</time></trkpt><trkpt lat='42.838029999999996' lon='0.20271999999999998'><ele>1926</ele><time>2026-08-01T05:35:04Z</time></trkpt><trkpt lat='42.83792' lon='0.20285'><ele>1928</ele><time>2026-08-01T05:35:17Z</time></trkpt><trkpt lat='42.83786' lon='0.20285'><ele>1927</ele><time>2026-08-01T05:35:26Z</time></trkpt><trkpt lat='42.837849999999996' lon='0.20287999999999998'><ele>1929</ele><time>2026-08-01T05:35:26Z</time></trkpt><trkpt lat='42.83782' lon='0.20287'><ele>1928</ele><time>2026-08-01T05:35:31Z</time></trkpt><trkpt lat='42.8378' lon='0.20290999999999998'><ele>1930</ele><time>2026-08-01T05:35:31Z</time></trkpt><trkpt lat='42.83775' lon='0.20292'><ele>1929</ele><time>2026-08-01T05:35:35Z</time></trkpt><trkpt lat='42.8377' lon='0.20290999999999998'><ele>1931</ele><time>2026-08-01T05:35:40Z</time></trkpt><trkpt lat='42.83762' lon='0.20295'><ele>1932</ele><time>2026-08-01T05:35:49Z</time></trkpt><trkpt lat='42.837579999999996' lon='0.20306'><ele>1935</ele><time>2026-08-01T05:35:58Z</time></trkpt><trkpt lat='42.83727' lon='0.20329'><ele>1938</ele><time>2026-08-01T05:36:29Z</time></trkpt><trkpt lat='42.837109999999996' lon='0.20349'><ele>1942</ele><time>2026-08-01T05:36:56Z</time></trkpt><trkpt lat='42.83701' lon='0.20357'><ele>1945</ele><time>2026-08-01T05:37:10Z</time></trkpt><trkpt lat='42.8367' lon='0.20393999999999998'><ele>1948</ele><time>2026-08-01T05:37:41Z</time></trkpt><trkpt lat='42.836639999999996' lon='0.20398'><ele>1949</ele><time>2026-08-01T05:37:55Z</time></trkpt><trkpt lat='42.83661' lon='0.20406'><ele>1952</ele><time>2026-08-01T05:38:13Z</time></trkpt><trkpt lat='42.836529999999996' lon='0.20410999999999999'><ele>1952</ele><time>2026-08-01T05:38:22Z</time></trkpt><trkpt lat='42.836479999999995' lon='0.20418'><ele>1954</ele><time>2026-08-01T05:38:31Z</time></trkpt><trkpt lat='42.8364' lon='0.20423'><ele>1955</ele><time>2026-08-01T05:38:35Z</time></trkpt><trkpt lat='42.836279999999995' lon='0.2044'><ele>1957</ele><time>2026-08-01T05:38:53Z</time></trkpt><trkpt lat='42.83609' lon='0.20456'><ele>1957</ele><time>2026-08-01T05:39:11Z</time></trkpt><trkpt lat='42.83594' lon='0.20473'><ele>1959</ele><time>2026-08-01T05:39:29Z</time></trkpt><trkpt lat='42.835879999999996' lon='0.20476999999999998'><ele>1960</ele><time>2026-08-01T05:39:34Z</time></trkpt><trkpt lat='42.8358' lon='0.20495'><ele>1962</ele><time>2026-08-01T05:39:47Z</time></trkpt><trkpt lat='42.835789999999996' lon='0.2051'><ele>1963</ele><time>2026-08-01T05:39:56Z</time></trkpt><trkpt lat='42.83573' lon='0.2054'><ele>1965</ele><time>2026-08-01T05:40:14Z</time></trkpt><trkpt lat='42.835629999999995' lon='0.2057'><ele>1966</ele><time>2026-08-01T05:40:32Z</time></trkpt><trkpt lat='42.83557' lon='0.20571'><ele>1968</ele><time>2026-08-01T05:40:41Z</time></trkpt><trkpt lat='42.835429999999995' lon='0.20565999999999998'><ele>1969</ele><time>2026-08-01T05:40:50Z</time></trkpt><trkpt lat='42.8352' lon='0.20567'><ele>1971</ele><time>2026-08-01T05:41:13Z</time></trkpt><trkpt lat='42.83511' lon='0.20562999999999998'><ele>1971</ele><time>2026-08-01T05:41:22Z</time></trkpt><trkpt lat='42.83504' lon='0.20562'><ele>1973</ele><time>2026-08-01T05:41:31Z</time></trkpt><trkpt lat='42.834959999999995' lon='0.20565'><ele>1974</ele><time>2026-08-01T05:41:35Z</time></trkpt><trkpt lat='42.83491' lon='0.20575'><ele>1975</ele><time>2026-08-01T05:41:44Z</time></trkpt><trkpt lat='42.83486' lon='0.20593'><ele>1977</ele><time>2026-08-01T05:41:58Z</time></trkpt><trkpt lat='42.83473' lon='0.20609'><ele>1977</ele><time>2026-08-01T05:42:11Z</time></trkpt><trkpt lat='42.834599999999995' lon='0.20621'><ele>1979</ele><time>2026-08-01T05:42:25Z</time></trkpt><trkpt lat='42.83446' lon='0.20629999999999998'><ele>1979</ele><time>2026-08-01T05:42:38Z</time></trkpt><trkpt lat='42.834309999999995' lon='0.20648'><ele>1981</ele><time>2026-08-01T05:42:56Z</time></trkpt><trkpt lat='42.83426' lon='0.2065'><ele>1980</ele><time>2026-08-01T05:43:01Z</time></trkpt><trkpt lat='42.834219999999995' lon='0.20656'><ele>1981</ele><time>2026-08-01T05:43:05Z</time></trkpt><trkpt lat='42.83405' lon='0.20667'><ele>1981</ele><time>2026-08-01T05:43:19Z</time></trkpt><trkpt lat='42.83395' lon='0.20676999999999998'><ele>1982</ele><time>2026-08-01T05:43:28Z</time></trkpt><trkpt lat='42.83386' lon='0.20682999999999999'><ele>1981</ele><time>2026-08-01T05:43:37Z</time></trkpt><trkpt lat='42.8338' lon='0.20692'><ele>1982</ele><time>2026-08-01T05:43:41Z</time></trkpt><trkpt lat='42.83356' lon='0.20698'><ele>1980</ele><time>2026-08-01T05:43:59Z</time></trkpt><trkpt lat='42.83333' lon='0.20715999999999998'><ele>1981</ele><time>2026-08-01T05:44:22Z</time></trkpt><trkpt lat='42.83327' lon='0.20712999999999998'><ele>1979</ele><time>2026-08-01T05:44:26Z</time></trkpt><trkpt lat='42.833239999999996' lon='0.20707'><ele>1980</ele><time>2026-08-01T05:44:31Z</time></trkpt><trkpt lat='42.83312' lon='0.20706'><ele>1979</ele><time>2026-08-01T05:44:40Z</time></trkpt><trkpt lat='42.832989999999995' lon='0.20708'><ele>1981</ele><time>2026-08-01T05:44:49Z</time></trkpt><trkpt lat='42.83289' lon='0.20711'><ele>1982</ele><time>2026-08-01T05:44:58Z</time></trkpt><trkpt lat='42.83273' lon='0.20723'><ele>1986</ele><time>2026-08-01T05:45:11Z</time></trkpt><trkpt lat='42.832609999999995' lon='0.20726999999999998'><ele>1988</ele><time>2026-08-01T05:45:25Z</time></trkpt><trkpt lat='42.832319999999996' lon='0.20733'><ele>1991</ele><time>2026-08-01T05:45:47Z</time></trkpt><trkpt lat='42.832139999999995' lon='0.20743'><ele>1993</ele><time>2026-08-01T05:46:05Z</time></trkpt><trkpt lat='42.8319' lon='0.20759999999999998'><ele>1994</ele><time>2026-08-01T05:46:28Z</time></trkpt><trkpt lat='42.83182' lon='0.20772'><ele>1996</ele><time>2026-08-01T05:46:37Z</time></trkpt><trkpt lat='42.83179' lon='0.2077'><ele>1996</ele><time>2026-08-01T05:46:41Z</time></trkpt><trkpt lat='42.83175' lon='0.20772'><ele>1998</ele><time>2026-08-01T05:46:46Z</time></trkpt><trkpt lat='42.83166' lon='0.20781'><ele>1998</ele><time>2026-08-01T05:46:55Z</time></trkpt><trkpt lat='42.83157' lon='0.20798'><ele>2000</ele><time>2026-08-01T05:47:08Z</time></trkpt><trkpt lat='42.83151' lon='0.20798999999999998'><ele>1999</ele><time>2026-08-01T05:47:17Z</time></trkpt><trkpt lat='42.831129999999995' lon='0.20834'><ele>2002</ele><time>2026-08-01T05:47:53Z</time></trkpt><trkpt lat='42.830909999999996' lon='0.20845999999999998'><ele>2000</ele><time>2026-08-01T05:48:11Z</time></trkpt><trkpt lat='42.83085' lon='0.20851'><ele>2002</ele><time>2026-08-01T05:48:16Z</time></trkpt><trkpt lat='42.83079' lon='0.20851999999999998'><ele>2001</ele><time>2026-08-01T05:48:20Z</time></trkpt><trkpt lat='42.83068' lon='0.20868'><ele>2003</ele><time>2026-08-01T05:48:34Z</time></trkpt><trkpt lat='42.83033' lon='0.20892999999999998'><ele>2003</ele><time>2026-08-01T05:49:05Z</time></trkpt><trkpt lat='42.83018' lon='0.20906'><ele>2005</ele><time>2026-08-01T05:49:19Z</time></trkpt><trkpt lat='42.829789999999996' lon='0.20948'><ele>2006</ele><time>2026-08-01T05:49:59Z</time></trkpt><trkpt lat='42.82955' lon='0.20967999999999998'><ele>2007</ele><time>2026-08-01T05:50:22Z</time></trkpt><trkpt lat='42.82946' lon='0.2098'><ele>2008</ele><time>2026-08-01T05:50:31Z</time></trkpt><trkpt lat='42.82906' lon='0.21031999999999998'><ele>2010</ele><time>2026-08-01T05:51:16Z</time></trkpt><trkpt lat='42.82901' lon='0.21045999999999998'><ele>2010</ele><time>2026-08-01T05:51:29Z</time></trkpt><trkpt lat='42.82898' lon='0.2107'><ele>2012</ele><time>2026-08-01T05:51:43Z</time></trkpt><trkpt lat='42.82889' lon='0.21086'><ele>2012</ele><time>2026-08-01T05:51:52Z</time></trkpt><trkpt lat='42.82884' lon='0.21092'><ele>2013</ele><time>2026-08-01T05:51:56Z</time></trkpt><trkpt lat='42.82873' lon='0.211'><ele>2013</ele><time>2026-08-01T05:52:05Z</time></trkpt><trkpt lat='42.82863' lon='0.21119'><ele>2013</ele><time>2026-08-01T05:52:19Z</time></trkpt><trkpt lat='42.828579999999995' lon='0.21125'><ele>2014</ele><time>2026-08-01T05:52:28Z</time></trkpt><trkpt lat='42.82853' lon='0.21139'><ele>2014</ele><time>2026-08-01T05:52:41Z</time></trkpt><trkpt lat='42.82843' lon='0.21153'><ele>2014</ele><time>2026-08-01T05:52:50Z</time></trkpt><trkpt lat='42.82837' lon='0.21156999999999998'><ele>2015</ele><time>2026-08-01T05:52:55Z</time></trkpt><trkpt lat='42.8283' lon='0.21166'><ele>2015</ele><time>2026-08-01T05:53:04Z</time></trkpt><trkpt lat='42.82823' lon='0.21217999999999998'><ele>2016</ele><time>2026-08-01T05:53:35Z</time></trkpt><trkpt lat='42.8281' lon='0.21253999999999998'><ele>2016</ele><time>2026-08-01T05:53:58Z</time></trkpt><trkpt lat='42.827999999999996' lon='0.21273'><ele>2016</ele><time>2026-08-01T05:54:11Z</time></trkpt><trkpt lat='42.82799' lon='0.2128'><ele>2017</ele><time>2026-08-01T05:54:16Z</time></trkpt><trkpt lat='42.82796' lon='0.21306999999999998'><ele>2017</ele><time>2026-08-01T05:54:29Z</time></trkpt><trkpt lat='42.82794' lon='0.21361'><ele>2017</ele><time>2026-08-01T05:55:01Z</time></trkpt><trkpt lat='42.82795' lon='0.21398'><ele>2017</ele><time>2026-08-01T05:55:23Z</time></trkpt><trkpt lat='42.82788' lon='0.21442'><ele>2018</ele><time>2026-08-01T05:55:50Z</time></trkpt><trkpt lat='42.82786' lon='0.21475'><ele>2018</ele><time>2026-08-01T05:56:13Z</time></trkpt><trkpt lat='42.82788' lon='0.21499'><ele>2019</ele><time>2026-08-01T05:56:26Z</time></trkpt><trkpt lat='42.827819999999996' lon='0.21545'><ele>2019</ele><time>2026-08-01T05:56:53Z</time></trkpt><trkpt lat='42.82781' lon='0.21638'><ele>2020</ele><time>2026-08-01T05:57:47Z</time></trkpt><trkpt lat='42.82776' lon='0.21672999999999998'><ele>2020</ele><time>2026-08-01T05:58:05Z</time></trkpt><trkpt lat='42.82768' lon='0.21700999999999998'><ele>2021</ele><time>2026-08-01T05:58:23Z</time></trkpt><trkpt lat='42.82765' lon='0.21746'><ele>2021</ele><time>2026-08-01T05:58:50Z</time></trkpt><trkpt lat='42.82759' lon='0.21778'><ele>2022</ele><time>2026-08-01T05:59:08Z</time></trkpt><trkpt lat='42.82752' lon='0.21792999999999998'><ele>2022</ele><time>2026-08-01T05:59:22Z</time></trkpt><trkpt lat='42.8275' lon='0.21805'><ele>2023</ele><time>2026-08-01T05:59:26Z</time></trkpt><trkpt lat='42.8275' lon='0.21821'><ele>2024</ele><time>2026-08-01T05:59:35Z</time></trkpt><trkpt lat='42.82778' lon='0.21919'><ele>2026</ele><time>2026-08-01T06:00:38Z</time></trkpt><trkpt lat='42.827922' lon='0.21959199999999998'><ele>2031.27</ele><time>2026-08-01T06:01:14Z</time></trkpt><trkpt lat='42.827968999999996' lon='0.219769'><ele>2031.31</ele><time>2026-08-01T06:01:28Z</time></trkpt><trkpt lat='42.828036' lon='0.219914'><ele>2031.6</ele><time>2026-08-01T06:01:37Z</time></trkpt><trkpt lat='42.828123' lon='0.22007'><ele>2032.72</ele><time>2026-08-01T06:01:50Z</time></trkpt><trkpt lat='42.828398' lon='0.22050999999999998'><ele>2034.93</ele><time>2026-08-01T06:02:22Z</time></trkpt><trkpt lat='42.828429' lon='0.220569'><ele>2035.03</ele><time>2026-08-01T06:02:26Z</time></trkpt><trkpt lat='42.82837' lon='0.220606'><ele>2034.97</ele><time>2026-08-01T06:02:35Z</time></trkpt><trkpt lat='42.828374' lon='0.220907'><ele>2034.99</ele><time>2026-08-01T06:02:53Z</time></trkpt><trkpt lat='42.828365999999995' lon='0.22114299999999998'><ele>2034.88</ele><time>2026-08-01T06:03:07Z</time></trkpt><trkpt lat='42.828365999999995' lon='0.22136299999999998'><ele>2035.46</ele><time>2026-08-01T06:03:16Z</time></trkpt><trkpt lat='42.82843' lon='0.22174'><ele>2034</ele><time>2026-08-01T06:03:38Z</time></trkpt><trkpt lat='42.82841' lon='0.221878'><ele>2038.38</ele><time>2026-08-01T06:03:47Z</time></trkpt><trkpt lat='42.828402' lon='0.221996'><ele>2038.65</ele><time>2026-08-01T06:03:56Z</time></trkpt><trkpt lat='42.82833' lon='0.22236'><ele>2037</ele><time>2026-08-01T06:04:19Z</time></trkpt><trkpt lat='42.82833' lon='0.22255999999999998'><ele>2039</ele><time>2026-08-01T06:04:28Z</time></trkpt><trkpt lat='42.82843' lon='0.22291'><ele>2043</ele><time>2026-08-01T06:04:55Z</time></trkpt><trkpt lat='42.82848' lon='0.22322999999999998'><ele>2046</ele><time>2026-08-01T06:05:17Z</time></trkpt><trkpt lat='42.82852' lon='0.22383'><ele>2052</ele><time>2026-08-01T06:05:58Z</time></trkpt><trkpt lat='42.828489999999995' lon='0.22396'><ele>2058</ele><time>2026-08-01T06:06:25Z</time></trkpt><trkpt lat='42.82848' lon='0.22443'><ele>2066</ele><time>2026-08-01T06:07:14Z</time></trkpt><trkpt lat='42.82854' lon='0.225125'><ele>2075</ele><time>2026-08-01T06:08:13Z</time></trkpt><trkpt lat='42.8286' lon='0.22582'><ele>2085</ele><time>2026-08-01T06:09:16Z</time></trkpt><trkpt lat='42.8288' lon='0.22699999999999998'><ele>2096</ele><time>2026-08-01T06:10:37Z</time></trkpt><trkpt lat='42.829' lon='0.22818'><ele>2106</ele><time>2026-08-01T06:11:53Z</time></trkpt><trkpt lat='42.82917' lon='0.22885999999999998'><ele>2116</ele><time>2026-08-01T06:12:56Z</time></trkpt><trkpt lat='42.82944' lon='0.22951'><ele>2126</ele><time>2026-08-01T06:13:59Z</time></trkpt><trkpt lat='42.829834999999996' lon='0.23029'><ele>2134</ele><time>2026-08-01T06:15:02Z</time></trkpt><trkpt lat='42.83023' lon='0.23107'><ele>2142</ele><time>2026-08-01T06:16:05Z</time></trkpt><trkpt lat='42.83033' lon='0.23118999999999998'><ele>2149</ele><time>2026-08-01T06:16:41Z</time></trkpt><trkpt lat='42.830369999999995' lon='0.23138999999999998'><ele>2154</ele><time>2026-08-01T06:17:22Z</time></trkpt><trkpt lat='42.83063' lon='0.23207'><ele>2161</ele><time>2026-08-01T06:18:16Z</time></trkpt><trkpt lat='42.83072' lon='0.23242'><ele>2166</ele><time>2026-08-01T06:18:47Z</time></trkpt><trkpt lat='42.83081' lon='0.23268'><ele>2172</ele><time>2026-08-01T06:19:28Z</time></trkpt><trkpt lat='42.83105' lon='0.23309'><ele>2177</ele><time>2026-08-01T06:20:04Z</time></trkpt><trkpt lat='42.83125' lon='0.2336'><ele>2182</ele><time>2026-08-01T06:20:44Z</time></trkpt><trkpt lat='42.83136' lon='0.23395'><ele>2187</ele><time>2026-08-01T06:21:16Z</time></trkpt><trkpt lat='42.831689999999995' lon='0.23446'><ele>2193</ele><time>2026-08-01T06:22:01Z</time></trkpt><trkpt lat='42.83197' lon='0.23471999999999998'><ele>2196</ele><time>2026-08-01T06:22:32Z</time></trkpt><trkpt lat='42.83236' lon='0.23535999999999999'><ele>2203</ele><time>2026-08-01T06:23:22Z</time></trkpt><trkpt lat='42.832429999999995' lon='0.23540999999999998'><ele>2204</ele><time>2026-08-01T06:23:31Z</time></trkpt><trkpt lat='42.83284' lon='0.23606'><ele>2208</ele><time>2026-08-01T06:24:21Z</time></trkpt><trkpt lat='42.83311' lon='0.23626'><ele>2208</ele><time>2026-08-01T06:24:48Z</time></trkpt><trkpt lat='42.833349999999996' lon='0.23639'><ele>2208</ele><time>2026-08-01T06:25:10Z</time></trkpt><trkpt lat='42.833659999999995' lon='0.23657999999999998'><ele>2204</ele><time>2026-08-01T06:25:37Z</time></trkpt><trkpt lat='42.83363' lon='0.2367'><ele>2201</ele><time>2026-08-01T06:25:42Z</time></trkpt><trkpt lat='42.83419' lon='0.23687'><ele>2195</ele><time>2026-08-01T06:26:13Z</time></trkpt><trkpt lat='42.83442' lon='0.23692'><ele>2191</ele><time>2026-08-01T06:26:27Z</time></trkpt><trkpt lat='42.834579999999995' lon='0.237'><ele>2186</ele><time>2026-08-01T06:26:49Z</time></trkpt><trkpt lat='42.83473' lon='0.23712999999999998'><ele>2182</ele><time>2026-08-01T06:27:03Z</time></trkpt><trkpt lat='42.83484' lon='0.23715999999999998'><ele>2179</ele><time>2026-08-01T06:27:12Z</time></trkpt><trkpt lat='42.835159999999995' lon='0.23736'><ele>2175</ele><time>2026-08-01T06:27:30Z</time></trkpt><trkpt lat='42.83531' lon='0.23751'><ele>2173</ele><time>2026-08-01T06:27:43Z</time></trkpt><trkpt lat='42.8354' lon='0.23765999999999998'><ele>2170</ele><time>2026-08-01T06:27:48Z</time></trkpt><trkpt lat='42.83556' lon='0.23781'><ele>2168</ele><time>2026-08-01T06:28:01Z</time></trkpt><trkpt lat='42.83566' lon='0.23801'><ele>2166</ele><time>2026-08-01T06:28:15Z</time></trkpt><trkpt lat='42.835679999999996' lon='0.23817'><ele>2164</ele><time>2026-08-01T06:28:24Z</time></trkpt><trkpt lat='42.835719999999995' lon='0.23826999999999998'><ele>2163</ele><time>2026-08-01T06:28:33Z</time></trkpt><trkpt lat='42.83573' lon='0.23870999999999998'><ele>2161</ele><time>2026-08-01T06:28:55Z</time></trkpt><trkpt lat='42.835719999999995' lon='0.23881999999999998'><ele>2158</ele><time>2026-08-01T06:29:18Z</time></trkpt><trkpt lat='42.83569' lon='0.23887'><ele>2155</ele><time>2026-08-01T06:29:27Z</time></trkpt><trkpt lat='42.835679999999996' lon='0.23915999999999998'><ele>2150</ele><time>2026-08-01T06:29:45Z</time></trkpt><trkpt lat='42.83571' lon='0.23969'><ele>2146</ele><time>2026-08-01T06:30:12Z</time></trkpt><trkpt lat='42.835789999999996' lon='0.24028'><ele>2140</ele><time>2026-08-01T06:30:34Z</time></trkpt><trkpt lat='42.83576' lon='0.24045'><ele>2135</ele><time>2026-08-01T06:31:06Z</time></trkpt><trkpt lat='42.83576' lon='0.24117999999999998'><ele>2128</ele><time>2026-08-01T06:31:37Z</time></trkpt><trkpt lat='42.83573' lon='0.24128999999999998'><ele>2122</ele><time>2026-08-01T06:32:00Z</time></trkpt><trkpt lat='42.835719999999995' lon='0.24162999999999998'><ele>2117</ele><time>2026-08-01T06:32:18Z</time></trkpt><trkpt lat='42.83557' lon='0.24255'><ele>2108</ele><time>2026-08-01T06:32:54Z</time></trkpt><trkpt lat='42.83553' lon='0.24275999999999998'><ele>2103</ele><time>2026-08-01T06:33:16Z</time></trkpt><trkpt lat='42.83524' lon='0.24356'><ele>2094</ele><time>2026-08-01T06:33:52Z</time></trkpt><trkpt lat='42.83511' lon='0.24398999999999998'><ele>2089</ele><time>2026-08-01T06:34:10Z</time></trkpt><trkpt lat='42.835069999999995' lon='0.24406'><ele>2082</ele><time>2026-08-01T06:34:28Z</time></trkpt><trkpt lat='42.83488' lon='0.24459999999999998'><ele>2075</ele><time>2026-08-01T06:34:55Z</time></trkpt><trkpt lat='42.83474' lon='0.2455'><ele>2070</ele><time>2026-08-01T06:35:54Z</time></trkpt><trkpt lat='42.83472' lon='0.2458'><ele>2065</ele><time>2026-08-01T06:36:12Z</time></trkpt><trkpt lat='42.83477' lon='0.24617'><ele>2062</ele><time>2026-08-01T06:36:30Z</time></trkpt><trkpt lat='42.83475' lon='0.24649'><ele>2059</ele><time>2026-08-01T06:36:43Z</time></trkpt><trkpt lat='42.8347' lon='0.24678'><ele>2056</ele><time>2026-08-01T06:36:57Z</time></trkpt><trkpt lat='42.834689999999995' lon='0.24697'><ele>2054</ele><time>2026-08-01T06:37:06Z</time></trkpt><trkpt lat='42.83472' lon='0.24714'><ele>2052</ele><time>2026-08-01T06:37:15Z</time></trkpt><trkpt lat='42.834779999999995' lon='0.24724'><ele>2050</ele><time>2026-08-01T06:37:19Z</time></trkpt><trkpt lat='42.83497' lon='0.24731999999999998'><ele>2048</ele><time>2026-08-01T06:37:33Z</time></trkpt><trkpt lat='42.83502' lon='0.24744'><ele>2046</ele><time>2026-08-01T06:37:37Z</time></trkpt><trkpt lat='42.834959999999995' lon='0.24764999999999998'><ele>2044</ele><time>2026-08-01T06:37:51Z</time></trkpt><trkpt lat='42.83499' lon='0.24791'><ele>2042</ele><time>2026-08-01T06:38:00Z</time></trkpt><trkpt lat='42.834939999999996' lon='0.24828999999999998'><ele>2041</ele><time>2026-08-01T06:38:22Z</time></trkpt><trkpt lat='42.83489' lon='0.24847'><ele>2039</ele><time>2026-08-01T06:38:31Z</time></trkpt><trkpt lat='42.83486' lon='0.24852'><ele>2037</ele><time>2026-08-01T06:38:31Z</time></trkpt><trkpt lat='42.83482' lon='0.24883999999999998'><ele>2035</ele><time>2026-08-01T06:38:54Z</time></trkpt><trkpt lat='42.83475' lon='0.24908'><ele>2033</ele><time>2026-08-01T06:39:07Z</time></trkpt><trkpt lat='42.8347' lon='0.24939'><ele>2032</ele><time>2026-08-01T06:39:30Z</time></trkpt><trkpt lat='42.83466' lon='0.24983'><ele>2030</ele><time>2026-08-01T06:39:57Z</time></trkpt><trkpt lat='42.83462' lon='0.24999'><ele>2029</ele><time>2026-08-01T06:40:06Z</time></trkpt><trkpt lat='42.834489999999995' lon='0.25029999999999997'><ele>2028</ele><time>2026-08-01T06:40:28Z</time></trkpt><trkpt lat='42.83419' lon='0.25082'><ele>2026</ele><time>2026-08-01T06:41:09Z</time></trkpt><trkpt lat='42.83403' lon='0.25126'><ele>2024</ele><time>2026-08-01T06:41:36Z</time></trkpt><trkpt lat='42.83396' lon='0.25157'><ele>2023</ele><time>2026-08-01T06:41:58Z</time></trkpt><trkpt lat='42.83363' lon='0.25234999999999996'><ele>2022</ele><time>2026-08-01T06:42:52Z</time></trkpt><trkpt lat='42.83349' lon='0.25262999999999997'><ele>2021</ele><time>2026-08-01T06:43:10Z</time></trkpt><trkpt lat='42.83345' lon='0.25284'><ele>2020</ele><time>2026-08-01T06:43:24Z</time></trkpt><trkpt lat='42.8334' lon='0.25329999999999997'><ele>2020</ele><time>2026-08-01T06:43:55Z</time></trkpt><trkpt lat='42.833439999999996' lon='0.25351'><ele>2019</ele><time>2026-08-01T06:44:09Z</time></trkpt><trkpt lat='42.83342' lon='0.2537'><ele>2019</ele><time>2026-08-01T06:44:18Z</time></trkpt><trkpt lat='42.83341' lon='0.25418999999999997'><ele>2017</ele><time>2026-08-01T06:44:49Z</time></trkpt><trkpt lat='42.83332' lon='0.25478'><ele>2017</ele><time>2026-08-01T06:45:25Z</time></trkpt><trkpt lat='42.833259999999996' lon='0.2549'><ele>2014</ele><time>2026-08-01T06:45:34Z</time></trkpt><trkpt lat='42.833239999999996' lon='0.25501999999999997'><ele>2013</ele><time>2026-08-01T06:45:43Z</time></trkpt><trkpt lat='42.83311' lon='0.25604'><ele>2009</ele><time>2026-08-01T06:46:46Z</time></trkpt><trkpt lat='42.83311' lon='0.25628999999999996'><ele>2008</ele><time>2026-08-01T06:47:04Z</time></trkpt><trkpt lat='42.833149999999996' lon='0.25678'><ele>2004</ele><time>2026-08-01T06:47:31Z</time></trkpt><trkpt lat='42.8332' lon='0.25704'><ele>2003</ele><time>2026-08-01T06:47:45Z</time></trkpt><trkpt lat='42.83321' lon='0.25719'><ele>2000</ele><time>2026-08-01T06:47:49Z</time></trkpt><trkpt lat='42.83325' lon='0.2573'><ele>1999</ele><time>2026-08-01T06:47:58Z</time></trkpt><trkpt lat='42.83349' lon='0.25766'><ele>1996</ele><time>2026-08-01T06:48:30Z</time></trkpt><trkpt lat='42.833569999999995' lon='0.258'><ele>1994</ele><time>2026-08-01T06:48:52Z</time></trkpt><trkpt lat='42.8337' lon='0.25891'><ele>1991</ele><time>2026-08-01T06:49:51Z</time></trkpt><trkpt lat='42.83385' lon='0.259535'><ele>1987</ele><time>2026-08-01T06:50:31Z</time></trkpt><trkpt lat='42.833999999999996' lon='0.26016'><ele>1984</ele><time>2026-08-01T06:51:12Z</time></trkpt><trkpt lat='42.83414' lon='0.26087499999999997'><ele>1980</ele><time>2026-08-01T06:51:57Z</time></trkpt><trkpt lat='42.83428' lon='0.26159'><ele>1976</ele><time>2026-08-01T06:52:42Z</time></trkpt><trkpt lat='42.83437' lon='0.26264499999999996'><ele>1972</ele><time>2026-08-01T06:53:49Z</time></trkpt><trkpt lat='42.83446' lon='0.2637'><ele>1967</ele><time>2026-08-01T06:54:57Z</time></trkpt><trkpt lat='42.834514999999996' lon='0.26475'><ele>1963</ele><time>2026-08-01T06:56:00Z</time></trkpt><trkpt lat='42.83457' lon='0.2658'><ele>1959</ele><time>2026-08-01T06:57:07Z</time></trkpt><trkpt lat='42.834689999999995' lon='0.26687'><ele>1955</ele><time>2026-08-01T06:58:15Z</time></trkpt><trkpt lat='42.834689999999995' lon='0.267'><ele>1953</ele><time>2026-08-01T06:58:24Z</time></trkpt><trkpt lat='42.83457' lon='0.26771'><ele>1950</ele><time>2026-08-01T06:59:09Z</time></trkpt><trkpt lat='42.834559999999996' lon='0.26792'><ele>1949</ele><time>2026-08-01T06:59:22Z</time></trkpt><trkpt lat='42.83459' lon='0.26838'><ele>1945</ele><time>2026-08-01T06:59:45Z</time></trkpt><trkpt lat='42.834649999999996' lon='0.26853'><ele>1944</ele><time>2026-08-01T06:59:54Z</time></trkpt><trkpt lat='42.83471' lon='0.26903'><ele>1940</ele><time>2026-08-01T07:00:21Z</time></trkpt><trkpt lat='42.8347' lon='0.26913'><ele>1938</ele><time>2026-08-01T07:00:25Z</time></trkpt><trkpt lat='42.834599999999995' lon='0.26958'><ele>1935</ele><time>2026-08-01T07:00:48Z</time></trkpt><trkpt lat='42.83452' lon='0.2701'><ele>1933</ele><time>2026-08-01T07:01:24Z</time></trkpt><trkpt lat='42.83439' lon='0.27064'><ele>1931</ele><time>2026-08-01T07:01:55Z</time></trkpt><trkpt lat='42.83437' lon='0.27077999999999997'><ele>1928</ele><time>2026-08-01T07:02:04Z</time></trkpt><trkpt lat='42.834379999999996' lon='0.27098'><ele>1927</ele><time>2026-08-01T07:02:13Z</time></trkpt><trkpt lat='42.834489999999995' lon='0.27141'><ele>1924</ele><time>2026-08-01T07:02:45Z</time></trkpt><trkpt lat='42.83452' lon='0.27160999999999996'><ele>1924</ele><time>2026-08-01T07:02:54Z</time></trkpt><trkpt lat='42.83454' lon='0.27212'><ele>1921</ele><time>2026-08-01T07:03:25Z</time></trkpt><trkpt lat='42.834579999999995' lon='0.27232'><ele>1922</ele><time>2026-08-01T07:03:39Z</time></trkpt><trkpt lat='42.83455' lon='0.27251'><ele>1921</ele><time>2026-08-01T07:03:52Z</time></trkpt><trkpt lat='42.83433' lon='0.27288999999999997'><ele>1921</ele><time>2026-08-01T07:04:19Z</time></trkpt><trkpt lat='42.83419' lon='0.27319'><ele>1920</ele><time>2026-08-01T07:04:42Z</time></trkpt><trkpt lat='42.83406' lon='0.27366'><ele>1920</ele><time>2026-08-01T07:05:13Z</time></trkpt><trkpt lat='42.83405' lon='0.27379'><ele>1919</ele><time>2026-08-01T07:05:22Z</time></trkpt><trkpt lat='42.83416' lon='0.27429'><ele>1919</ele><time>2026-08-01T07:05:54Z</time></trkpt><trkpt lat='42.834289999999996' lon='0.27471999999999996'><ele>1918</ele><time>2026-08-01T07:06:21Z</time></trkpt><trkpt lat='42.83444' lon='0.27532'><ele>1917</ele><time>2026-08-01T07:07:01Z</time></trkpt><trkpt lat='42.834649999999996' lon='0.27592'><ele>1915</ele><time>2026-08-01T07:07:46Z</time></trkpt><trkpt lat='42.83473' lon='0.27634'><ele>1913</ele><time>2026-08-01T07:08:09Z</time></trkpt><trkpt lat='42.83483' lon='0.27709'><ele>1909</ele><time>2026-08-01T07:08:58Z</time></trkpt><trkpt lat='42.83493' lon='0.27784'><ele>1906</ele><time>2026-08-01T07:09:48Z</time></trkpt><trkpt lat='42.83508' lon='0.27865999999999996'><ele>1899</ele><time>2026-08-01T07:10:37Z</time></trkpt><trkpt lat='42.83519' lon='0.27958'><ele>1894</ele><time>2026-08-01T07:11:36Z</time></trkpt><trkpt lat='42.83538' lon='0.28076999999999996'><ele>1885</ele><time>2026-08-01T07:12:43Z</time></trkpt><trkpt lat='42.83546' lon='0.28109999999999996'><ele>1877</ele><time>2026-08-01T07:13:19Z</time></trkpt><trkpt lat='42.83577' lon='0.28187999999999996'><ele>1866</ele><time>2026-08-01T07:14:00Z</time></trkpt><trkpt lat='42.83609' lon='0.282585'><ele>1853</ele><time>2026-08-01T07:14:45Z</time></trkpt><trkpt lat='42.83641' lon='0.28329'><ele>1841</ele><time>2026-08-01T07:15:26Z</time></trkpt><trkpt lat='42.836729999999996' lon='0.28420999999999996'><ele>1825</ele><time>2026-08-01T07:16:20Z</time></trkpt><trkpt lat='42.83703' lon='0.28472'><ele>1812</ele><time>2026-08-01T07:17:09Z</time></trkpt><trkpt lat='42.83727' lon='0.28539'><ele>1799</ele><time>2026-08-01T07:17:54Z</time></trkpt><trkpt lat='42.837509999999995' lon='0.28606'><ele>1788</ele><time>2026-08-01T07:18:35Z</time></trkpt><trkpt lat='42.83765' lon='0.2863'><ele>1778</ele><time>2026-08-01T07:19:33Z</time></trkpt><trkpt lat='42.83782' lon='0.28675999999999996'><ele>1769</ele><time>2026-08-01T07:20:05Z</time></trkpt><trkpt lat='42.83784' lon='0.28698999999999997'><ele>1759</ele><time>2026-08-01T07:20:50Z</time></trkpt><trkpt lat='42.83795' lon='0.28748999999999997'><ele>1753</ele><time>2026-08-01T07:21:12Z</time></trkpt><trkpt lat='42.838029999999996' lon='0.2883'><ele>1740</ele><time>2026-08-01T07:21:57Z</time></trkpt><trkpt lat='42.838049999999996' lon='0.28834'><ele>1736</ele><time>2026-08-01T07:22:11Z</time></trkpt><trkpt lat='42.83808' lon='0.28891'><ele>1724</ele><time>2026-08-01T07:23:00Z</time></trkpt><trkpt lat='42.83806' lon='0.28909'><ele>1718</ele><time>2026-08-01T07:23:36Z</time></trkpt><trkpt lat='42.83809' lon='0.28945'><ele>1710</ele><time>2026-08-01T07:24:12Z</time></trkpt><trkpt lat='42.83795' lon='0.28995'><ele>1703</ele><time>2026-08-01T07:24:39Z</time></trkpt><trkpt lat='42.83793' lon='0.28997'><ele>1697</ele><time>2026-08-01T07:24:48Z</time></trkpt><trkpt lat='42.83793' lon='0.29003'><ele>1691</ele><time>2026-08-01T07:25:02Z</time></trkpt><trkpt lat='42.83782' lon='0.29046'><ele>1685</ele><time>2026-08-01T07:25:24Z</time></trkpt><trkpt lat='42.837779999999995' lon='0.29070999999999997'><ele>1680</ele><time>2026-08-01T07:25:42Z</time></trkpt><trkpt lat='42.83777' lon='0.29111'><ele>1674</ele><time>2026-08-01T07:26:05Z</time></trkpt><trkpt lat='42.8378' lon='0.29157'><ele>1669</ele><time>2026-08-01T07:26:27Z</time></trkpt><trkpt lat='42.83779' lon='0.2919'><ele>1664</ele><time>2026-08-01T07:26:45Z</time></trkpt><trkpt lat='42.83784' lon='0.29217'><ele>1659</ele><time>2026-08-01T07:27:03Z</time></trkpt><trkpt lat='42.83804' lon='0.29278'><ele>1656</ele><time>2026-08-01T07:27:48Z</time></trkpt><trkpt lat='42.83811' lon='0.29316'><ele>1652</ele><time>2026-08-01T07:28:11Z</time></trkpt><trkpt lat='42.83813' lon='0.29341'><ele>1648</ele><time>2026-08-01T07:28:24Z</time></trkpt><trkpt lat='42.838249999999995' lon='0.29379'><ele>1645</ele><time>2026-08-01T07:28:51Z</time></trkpt><trkpt lat='42.8383' lon='0.29419999999999996'><ele>1642</ele><time>2026-08-01T07:29:14Z</time></trkpt><trkpt lat='42.838339999999995' lon='0.29436999999999997'><ele>1638</ele><time>2026-08-01T07:29:32Z</time></trkpt><trkpt lat='42.83839' lon='0.29451'><ele>1635</ele><time>2026-08-01T07:29:41Z</time></trkpt><trkpt lat='42.83837' lon='0.2948'><ele>1632</ele><time>2026-08-01T07:29:54Z</time></trkpt><trkpt lat='42.8384' lon='0.29502'><ele>1629</ele><time>2026-08-01T07:30:08Z</time></trkpt><trkpt lat='42.83855' lon='0.2956'><ele>1626</ele><time>2026-08-01T07:30:44Z</time></trkpt><trkpt lat='42.83877' lon='0.29612'><ele>1623</ele><time>2026-08-01T07:31:24Z</time></trkpt><trkpt lat='42.838789999999996' lon='0.29647999999999997'><ele>1620</ele><time>2026-08-01T07:31:47Z</time></trkpt><trkpt lat='42.83877' lon='0.29682'><ele>1616</ele><time>2026-08-01T07:32:05Z</time></trkpt><trkpt lat='42.838719999999995' lon='0.29705'><ele>1614</ele><time>2026-08-01T07:32:23Z</time></trkpt><trkpt lat='42.838499999999996' lon='0.29764999999999997'><ele>1611</ele><time>2026-08-01T07:33:03Z</time></trkpt><trkpt lat='42.83838' lon='0.29789'><ele>1610</ele><time>2026-08-01T07:33:17Z</time></trkpt><trkpt lat='42.8383' lon='0.29802999999999996'><ele>1607</ele><time>2026-08-01T07:33:26Z</time></trkpt><trkpt lat='42.838229999999996' lon='0.29841'><ele>1606</ele><time>2026-08-01T07:33:53Z</time></trkpt><trkpt lat='42.838249999999995' lon='0.29863'><ele>1606</ele><time>2026-08-01T07:34:06Z</time></trkpt><trkpt lat='42.838229999999996' lon='0.29874999999999996'><ele>1604</ele><time>2026-08-01T07:34:15Z</time></trkpt><trkpt lat='42.838119999999996' lon='0.29894'><ele>1604</ele><time>2026-08-01T07:34:29Z</time></trkpt><trkpt lat='42.837939999999996' lon='0.2991'><ele>1601</ele><time>2026-08-01T07:34:47Z</time></trkpt><trkpt lat='42.837849999999996' lon='0.29908999999999997'><ele>1600</ele><time>2026-08-01T07:35:00Z</time></trkpt><trkpt lat='42.83779' lon='0.29911'><ele>1598</ele><time>2026-08-01T07:35:09Z</time></trkpt><trkpt lat='42.83775' lon='0.29908999999999997'><ele>1595</ele><time>2026-08-01T07:35:14Z</time></trkpt><trkpt lat='42.83773' lon='0.2991'><ele>1593</ele><time>2026-08-01T07:35:18Z</time></trkpt><trkpt lat='42.83765' lon='0.29925999999999997'><ele>1590</ele><time>2026-08-01T07:35:36Z</time></trkpt><trkpt lat='42.83763' lon='0.2995'><ele>1587</ele><time>2026-08-01T07:35:50Z</time></trkpt><trkpt lat='42.83765' lon='0.29963999999999996'><ele>1584</ele><time>2026-08-01T07:35:59Z</time></trkpt><trkpt lat='42.837599999999995' lon='0.2998'><ele>1581</ele><time>2026-08-01T07:36:08Z</time></trkpt><trkpt lat='42.837579999999996' lon='0.30019'><ele>1577</ele><time>2026-08-01T07:36:26Z</time></trkpt><trkpt lat='42.837509999999995' lon='0.30045'><ele>1574</ele><time>2026-08-01T07:36:39Z</time></trkpt><trkpt lat='42.83743' lon='0.30085999999999996'><ele>1568</ele><time>2026-08-01T07:36:57Z</time></trkpt><trkpt lat='42.83732' lon='0.30082'><ele>1565</ele><time>2026-08-01T07:37:15Z</time></trkpt><trkpt lat='42.8371' lon='0.30068'><ele>1557</ele><time>2026-08-01T07:37:47Z</time></trkpt><trkpt lat='42.83708' lon='0.30069'><ele>1555</ele><time>2026-08-01T07:37:56Z</time></trkpt><trkpt lat='42.837019999999995' lon='0.30067'><ele>1548</ele><time>2026-08-01T07:38:09Z</time></trkpt><trkpt lat='42.83696' lon='0.30057'><ele>1545</ele><time>2026-08-01T07:38:36Z</time></trkpt><trkpt lat='42.83689' lon='0.30054'><ele>1541</ele><time>2026-08-01T07:38:54Z</time></trkpt><trkpt lat='42.83678' lon='0.30032'><ele>1537</ele><time>2026-08-01T07:39:12Z</time></trkpt><trkpt lat='42.836749999999995' lon='0.30032'><ele>1534</ele><time>2026-08-01T07:39:26Z</time></trkpt><trkpt lat='42.83671' lon='0.3004'><ele>1530</ele><time>2026-08-01T07:39:39Z</time></trkpt><trkpt lat='42.836619999999996' lon='0.3005'><ele>1527</ele><time>2026-08-01T07:39:53Z</time></trkpt><trkpt lat='42.836549999999995' lon='0.30063999999999996'><ele>1524</ele><time>2026-08-01T07:40:02Z</time></trkpt><trkpt lat='42.83651' lon='0.30065'><ele>1519</ele><time>2026-08-01T07:40:15Z</time></trkpt><trkpt lat='42.83645' lon='0.30058999999999997'><ele>1515</ele><time>2026-08-01T07:40:38Z</time></trkpt><trkpt lat='42.83627' lon='0.30008'><ele>1508</ele><time>2026-08-01T07:41:05Z</time></trkpt><trkpt lat='42.8362' lon='0.29995'><ele>1503</ele><time>2026-08-01T07:41:36Z</time></trkpt><trkpt lat='42.835809999999995' lon='0.29943'><ele>1494</ele><time>2026-08-01T07:42:12Z</time></trkpt><trkpt lat='42.83575' lon='0.29919999999999997'><ele>1488</ele><time>2026-08-01T07:42:44Z</time></trkpt><trkpt lat='42.83571' lon='0.29891999999999996'><ele>1483</ele><time>2026-08-01T07:43:02Z</time></trkpt><trkpt lat='42.83556' lon='0.2984'><ele>1476</ele><time>2026-08-01T07:43:29Z</time></trkpt><trkpt lat='42.83555' lon='0.29824999999999996'><ele>1473</ele><time>2026-08-01T07:44:00Z</time></trkpt><trkpt lat='42.83549' lon='0.2983'><ele>1467</ele><time>2026-08-01T07:44:18Z</time></trkpt><trkpt lat='42.835049999999995' lon='0.298165'><ele>1462</ele><time>2026-08-01T07:44:50Z</time></trkpt><trkpt lat='42.83461' lon='0.29802999999999996'><ele>1456</ele><time>2026-08-01T07:45:17Z</time></trkpt><trkpt lat='42.83434' lon='0.29785'><ele>1450</ele><time>2026-08-01T07:45:39Z</time></trkpt><trkpt lat='42.834089999999996' lon='0.29767'><ele>1443</ele><time>2026-08-01T07:46:06Z</time></trkpt><trkpt lat='42.83392' lon='0.29763999999999996'><ele>1438</ele><time>2026-08-01T07:46:29Z</time></trkpt><trkpt lat='42.833709999999996' lon='0.29763'><ele>1432</ele><time>2026-08-01T07:46:56Z</time></trkpt><trkpt lat='42.8335' lon='0.29753999999999997'><ele>1426</ele><time>2026-08-01T07:47:23Z</time></trkpt><trkpt lat='42.83342' lon='0.29747'><ele>1422</ele><time>2026-08-01T07:47:50Z</time></trkpt><trkpt lat='42.833349999999996' lon='0.29745'><ele>1413</ele><time>2026-08-01T07:48:08Z</time></trkpt><trkpt lat='42.83329' lon='0.29741'><ele>1410</ele><time>2026-08-01T07:48:17Z</time></trkpt><trkpt lat='42.83282' lon='0.29689'><ele>1396</ele><time>2026-08-01T07:49:11Z</time></trkpt><trkpt lat='42.83276' lon='0.29678'><ele>1393</ele><time>2026-08-01T07:49:24Z</time></trkpt><trkpt lat='42.83262' lon='0.29612'><ele>1380</ele><time>2026-08-01T07:50:09Z</time></trkpt><trkpt lat='42.832519999999995' lon='0.29571'><ele>1374</ele><time>2026-08-01T07:50:32Z</time></trkpt><trkpt lat='42.832409999999996' lon='0.29541999999999996'><ele>1366</ele><time>2026-08-01T07:51:12Z</time></trkpt><trkpt lat='42.83231' lon='0.29466'><ele>1360</ele><time>2026-08-01T07:51:53Z</time></trkpt><trkpt lat='42.83231' lon='0.29444'><ele>1354</ele><time>2026-08-01T07:52:38Z</time></trkpt><trkpt lat='42.83226' lon='0.29434'><ele>1349</ele><time>2026-08-01T07:53:05Z</time></trkpt><trkpt lat='42.831579999999995' lon='0.29419'><ele>1342</ele><time>2026-08-01T07:53:59Z</time></trkpt><trkpt lat='42.83123' lon='0.29417'><ele>1337</ele><time>2026-08-01T07:54:21Z</time></trkpt><trkpt lat='42.83112' lon='0.29419'><ele>1331</ele><time>2026-08-01T07:54:53Z</time></trkpt><trkpt lat='42.831019999999995' lon='0.29425'><ele>1326</ele><time>2026-08-01T07:55:24Z</time></trkpt><trkpt lat='42.83068' lon='0.29419'><ele>1323</ele><time>2026-08-01T07:55:47Z</time></trkpt><trkpt lat='42.83063' lon='0.29420999999999997'><ele>1319</ele><time>2026-08-01T07:55:51Z</time></trkpt><trkpt lat='42.8306' lon='0.29425'><ele>1318</ele><time>2026-08-01T07:55:56Z</time></trkpt><trkpt lat='42.83045' lon='0.29425'><ele>1315</ele><time>2026-08-01T07:56:05Z</time></trkpt><trkpt lat='42.830439999999996' lon='0.29429'><ele>1313</ele><time>2026-08-01T07:56:09Z</time></trkpt><trkpt lat='42.83057' lon='0.29441'><ele>1310</ele><time>2026-08-01T07:56:27Z</time></trkpt><trkpt lat='42.83065' lon='0.29453999999999997'><ele>1308</ele><time>2026-08-01T07:56:36Z</time></trkpt><trkpt lat='42.83079' lon='0.29468'><ele>1305</ele><time>2026-08-01T07:56:50Z</time></trkpt><trkpt lat='42.830912' lon='0.294877'><ele>1303</ele><time>2026-08-01T07:57:03Z</time></trkpt><trkpt lat='42.830971' lon='0.295'><ele>1299</ele><time>2026-08-01T07:57:12Z</time></trkpt><trkpt lat='42.830979' lon='0.295113'><ele>1297</ele><time>2026-08-01T07:57:21Z</time></trkpt><trkpt lat='42.830923999999996' lon='0.29541'><ele>1294</ele><time>2026-08-01T07:57:30Z</time></trkpt><trkpt lat='42.830960999999995' lon='0.295966'><ele>1291</ele><time>2026-08-01T07:58:06Z</time></trkpt><trkpt lat='42.8309' lon='0.295992'><ele>1290</ele><time>2026-08-01T07:58:15Z</time></trkpt><trkpt lat='42.830945' lon='0.296682'><ele>1287</ele><time>2026-08-01T07:59:00Z</time></trkpt><trkpt lat='42.830928' lon='0.296776'><ele>1286</ele><time>2026-08-01T07:59:05Z</time></trkpt><trkpt lat='42.83087' lon='0.29692999999999997'><ele>1283</ele><time>2026-08-01T07:59:23Z</time></trkpt><trkpt lat='42.830839' lon='0.296966'><ele>1281</ele><time>2026-08-01T07:59:27Z</time></trkpt><trkpt lat='42.830808' lon='0.297221'><ele>1277</ele><time>2026-08-01T07:59:45Z</time></trkpt><trkpt lat='42.830777999999995' lon='0.297765'><ele>1273</ele><time>2026-08-01T08:00:17Z</time></trkpt><trkpt lat='42.83077' lon='0.29845499999999997'><ele>1266</ele><time>2026-08-01T08:00:48Z</time></trkpt><trkpt lat='42.830723' lon='0.298519'><ele>1259</ele><time>2026-08-01T08:01:06Z</time></trkpt><trkpt lat='42.830470999999996' lon='0.299152'><ele>1249</ele><time>2026-08-01T08:01:42Z</time></trkpt><trkpt lat='42.830385' lon='0.299587'><ele>1240</ele><time>2026-08-01T08:02:18Z</time></trkpt><trkpt lat='42.830349' lon='0.299774'><ele>1232</ele><time>2026-08-01T08:02:54Z</time></trkpt><trkpt lat='42.830259999999996' lon='0.29952999999999996'><ele>1225</ele><time>2026-08-01T08:03:39Z</time></trkpt><trkpt lat='42.8301' lon='0.29919999999999997'><ele>1220</ele><time>2026-08-01T08:03:57Z</time></trkpt><trkpt lat='42.82993' lon='0.29846'><ele>1216</ele><time>2026-08-01T08:04:47Z</time></trkpt><trkpt lat='42.82984' lon='0.29791'><ele>1212</ele><time>2026-08-01T08:05:23Z</time></trkpt><trkpt lat='42.829809999999995' lon='0.29788'><ele>1209</ele><time>2026-08-01T08:05:36Z</time></trkpt><trkpt lat='42.829789999999996' lon='0.29793'><ele>1205</ele><time>2026-08-01T08:05:45Z</time></trkpt><trkpt lat='42.829789999999996' lon='0.29816'><ele>1203</ele><time>2026-08-01T08:06:03Z</time></trkpt><trkpt lat='42.829699999999995' lon='0.29914999999999997'><ele>1199</ele><time>2026-08-01T08:07:07Z</time></trkpt><trkpt lat='42.82973' lon='0.29935'><ele>1196</ele><time>2026-08-01T08:07:20Z</time></trkpt><trkpt lat='42.82983' lon='0.29969999999999997'><ele>1191</ele><time>2026-08-01T08:07:38Z</time></trkpt><trkpt lat='42.82984' lon='0.29991'><ele>1188</ele><time>2026-08-01T08:07:52Z</time></trkpt><trkpt lat='42.82991' lon='0.30034'><ele>1183</ele><time>2026-08-01T08:08:10Z</time></trkpt><trkpt lat='42.82993' lon='0.30100499999999997'><ele>1179</ele><time>2026-08-01T08:08:55Z</time></trkpt><trkpt lat='42.82995' lon='0.30167'><ele>1175</ele><time>2026-08-01T08:09:40Z</time></trkpt><trkpt lat='42.829989999999995' lon='0.30195'><ele>1171</ele><time>2026-08-01T08:09:58Z</time></trkpt><trkpt lat='42.829969999999996' lon='0.30199'><ele>1168</ele><time>2026-08-01T08:10:11Z</time></trkpt><trkpt lat='42.82994' lon='0.30197999999999997'><ele>1164</ele><time>2026-08-01T08:10:16Z</time></trkpt><trkpt lat='42.829879999999996' lon='0.30185999999999996'><ele>1161</ele><time>2026-08-01T08:10:25Z</time></trkpt><trkpt lat='42.829679999999996' lon='0.3013'><ele>1157</ele><time>2026-08-01T08:10:52Z</time></trkpt><trkpt lat='42.82949' lon='0.30055'><ele>1153</ele><time>2026-08-01T08:11:46Z</time></trkpt><trkpt lat='42.82913' lon='0.29972'><ele>1148</ele><time>2026-08-01T08:12:49Z</time></trkpt><trkpt lat='42.82909' lon='0.29967'><ele>1144</ele><time>2026-08-01T08:13:07Z</time></trkpt><trkpt lat='42.82906' lon='0.29973'><ele>1139</ele><time>2026-08-01T08:13:25Z</time></trkpt><trkpt lat='42.82915' lon='0.30021'><ele>1135</ele><time>2026-08-01T08:13:52Z</time></trkpt><trkpt lat='42.82918' lon='0.30067'><ele>1131</ele><time>2026-08-01T08:14:14Z</time></trkpt><trkpt lat='42.82913' lon='0.30132'><ele>1126</ele><time>2026-08-01T08:14:50Z</time></trkpt><trkpt lat='42.829049999999995' lon='0.3018'><ele>1123</ele><time>2026-08-01T08:15:13Z</time></trkpt><trkpt lat='42.82902' lon='0.30211'><ele>1118</ele><time>2026-08-01T08:15:26Z</time></trkpt><trkpt lat='42.829029999999996' lon='0.30217'><ele>1116</ele><time>2026-08-01T08:15:35Z</time></trkpt><trkpt lat='42.82913' lon='0.3023'><ele>1113</ele><time>2026-08-01T08:15:49Z</time></trkpt><trkpt lat='42.82915' lon='0.30243'><ele>1111</ele><time>2026-08-01T08:15:58Z</time></trkpt><trkpt lat='42.82913' lon='0.30251'><ele>1109</ele><time>2026-08-01T08:16:07Z</time></trkpt><trkpt lat='42.829049999999995' lon='0.30262'><ele>1107</ele><time>2026-08-01T08:16:16Z</time></trkpt><trkpt lat='42.82899' lon='0.30278'><ele>1105</ele><time>2026-08-01T08:16:25Z</time></trkpt><trkpt lat='42.828939999999996' lon='0.30302'><ele>1103</ele><time>2026-08-01T08:16:38Z</time></trkpt><trkpt lat='42.82886' lon='0.30323'><ele>1100</ele><time>2026-08-01T08:16:47Z</time></trkpt><trkpt lat='42.82884' lon='0.30333'><ele>1098</ele><time>2026-08-01T08:17:01Z</time></trkpt><trkpt lat='42.82886' lon='0.30344'><ele>1095</ele><time>2026-08-01T08:17:10Z</time></trkpt><trkpt lat='42.828959999999995' lon='0.30356'><ele>1093</ele><time>2026-08-01T08:17:23Z</time></trkpt><trkpt lat='42.82898' lon='0.30365'><ele>1090</ele><time>2026-08-01T08:17:32Z</time></trkpt><trkpt lat='42.828939999999996' lon='0.30373'><ele>1087</ele><time>2026-08-01T08:17:46Z</time></trkpt><trkpt lat='42.828869999999995' lon='0.30379'><ele>1085</ele><time>2026-08-01T08:17:59Z</time></trkpt><trkpt lat='42.828779999999995' lon='0.30378'><ele>1082</ele><time>2026-08-01T08:18:13Z</time></trkpt><trkpt lat='42.82872' lon='0.30369999999999997'><ele>1080</ele><time>2026-08-01T08:18:22Z</time></trkpt><trkpt lat='42.82863' lon='0.30329999999999996'><ele>1078</ele><time>2026-08-01T08:18:49Z</time></trkpt><trkpt lat='42.82862' lon='0.30313'><ele>1077</ele><time>2026-08-01T08:19:02Z</time></trkpt><trkpt lat='42.82857' lon='0.30305'><ele>1076</ele><time>2026-08-01T08:19:07Z</time></trkpt><trkpt lat='42.82851' lon='0.30307999999999996'><ele>1074</ele><time>2026-08-01T08:19:11Z</time></trkpt><trkpt lat='42.828469999999996' lon='0.30318999999999996'><ele>1073</ele><time>2026-08-01T08:19:20Z</time></trkpt><trkpt lat='42.82844' lon='0.30341'><ele>1070</ele><time>2026-08-01T08:19:29Z</time></trkpt><trkpt lat='42.82841' lon='0.30351'><ele>1068</ele><time>2026-08-01T08:19:34Z</time></trkpt><trkpt lat='42.8281' lon='0.30401'><ele>1062</ele><time>2026-08-01T08:20:01Z</time></trkpt><trkpt lat='42.82803' lon='0.30441999999999997'><ele>1060</ele><time>2026-08-01T08:20:19Z</time></trkpt><trkpt lat='42.82803' lon='0.30469999999999997'><ele>1054</ele><time>2026-08-01T08:20:32Z</time></trkpt><trkpt lat='42.828089999999996' lon='0.30474999999999997'><ele>1050</ele><time>2026-08-01T08:20:55Z</time></trkpt><trkpt lat='42.82814' lon='0.30484'><ele>1043</ele><time>2026-08-01T08:21:17Z</time></trkpt><trkpt lat='42.82817' lon='0.3054'><ele>1038</ele><time>2026-08-01T08:21:44Z</time></trkpt><trkpt lat='42.828089999999996' lon='0.30646999999999996'><ele>1027</ele><time>2026-08-01T08:22:29Z</time></trkpt><trkpt lat='42.828089999999996' lon='0.30679999999999996'><ele>1019</ele><time>2026-08-01T08:23:14Z</time></trkpt><trkpt lat='42.82799' lon='0.307515'><ele>1006</ele><time>2026-08-01T08:24:04Z</time></trkpt><trkpt lat='42.82789' lon='0.30823'><ele>996</ele><time>2026-08-01T08:24:40Z</time></trkpt><trkpt lat='42.82777' lon='0.30885'><ele>985</ele><time>2026-08-01T08:25:20Z</time></trkpt><trkpt lat='42.82777' lon='0.30932'><ele>974</ele><time>2026-08-01T08:26:14Z</time></trkpt><trkpt lat='42.82772' lon='0.30977'><ele>966</ele><time>2026-08-01T08:26:46Z</time></trkpt><trkpt lat='42.82758' lon='0.31045999999999996'><ele>956</ele><time>2026-08-01T08:27:22Z</time></trkpt><trkpt lat='42.82749' lon='0.31111'><ele>950</ele><time>2026-08-01T08:27:53Z</time></trkpt><trkpt lat='42.82749' lon='0.31134'><ele>943</ele><time>2026-08-01T08:28:43Z</time></trkpt><trkpt lat='42.82749' lon='0.31133'><ele>939</ele><time>2026-08-01T08:28:43Z</time></trkpt><trkpt lat='42.82745' lon='0.31176'><ele>934</ele><time>2026-08-01T08:29:05Z</time></trkpt><trkpt lat='42.827439999999996' lon='0.31182'><ele>931</ele><time>2026-08-01T08:29:19Z</time></trkpt><trkpt lat='42.82739' lon='0.31188'><ele>926</ele><time>2026-08-01T08:29:37Z</time></trkpt><trkpt lat='42.82689' lon='0.31218999999999997'><ele>922</ele><time>2026-08-01T08:30:26Z</time></trkpt><trkpt lat='42.826429999999995' lon='0.31244'><ele>915</ele><time>2026-08-01T08:30:58Z</time></trkpt><trkpt lat='42.826229999999995' lon='0.31251'><ele>911</ele><time>2026-08-01T08:31:16Z</time></trkpt><trkpt lat='42.82609' lon='0.31279'><ele>902</ele><time>2026-08-01T08:32:23Z</time></trkpt><trkpt lat='42.82589' lon='0.313'><ele>899</ele><time>2026-08-01T08:32:50Z</time></trkpt><trkpt lat='42.825649999999996' lon='0.31317999999999996'><ele>888</ele><time>2026-08-01T08:33:17Z</time></trkpt><trkpt lat='42.825559999999996' lon='0.31322'><ele>884</ele><time>2026-08-01T08:33:44Z</time></trkpt><trkpt lat='42.82519' lon='0.31355'><ele>874</ele><time>2026-08-01T08:34:20Z</time></trkpt><trkpt lat='42.82488' lon='0.31377'><ele>869</ele><time>2026-08-01T08:34:43Z</time></trkpt><trkpt lat='42.82476' lon='0.31389'><ele>863</ele><time>2026-08-01T08:35:23Z</time></trkpt><trkpt lat='42.824419999999996' lon='0.31390999999999997'><ele>857</ele><time>2026-08-01T08:35:46Z</time></trkpt><trkpt lat='42.824419999999996' lon='0.31392'><ele>854</ele><time>2026-08-01T08:35:50Z</time></trkpt><trkpt lat='42.82422' lon='0.31398'><ele>850</ele><time>2026-08-01T08:36:26Z</time></trkpt><trkpt lat='42.824079999999995' lon='0.31393'><ele>848</ele><time>2026-08-01T08:36:35Z</time></trkpt><trkpt lat='42.82394' lon='0.31392'><ele>846</ele><time>2026-08-01T08:36:44Z</time></trkpt><trkpt lat='42.8238' lon='0.31395'><ele>844</ele><time>2026-08-01T08:36:58Z</time></trkpt><trkpt lat='42.823699999999995' lon='0.31399'><ele>840</ele><time>2026-08-01T08:37:07Z</time></trkpt><trkpt lat='42.82365' lon='0.31403'><ele>838</ele><time>2026-08-01T08:37:11Z</time></trkpt><trkpt lat='42.82344' lon='0.31462999999999997'><ele>834</ele><time>2026-08-01T08:37:47Z</time></trkpt><trkpt lat='42.82342' lon='0.31499'><ele>831</ele><time>2026-08-01T08:38:10Z</time></trkpt><trkpt lat='42.82344' lon='0.31551'><ele>827</ele><time>2026-08-01T08:38:32Z</time></trkpt><trkpt lat='42.82353' lon='0.31582'><ele>825</ele><time>2026-08-01T08:38:50Z</time></trkpt><trkpt lat='42.82357' lon='0.31612'><ele>822</ele><time>2026-08-01T08:39:08Z</time></trkpt><trkpt lat='42.82374' lon='0.31625'><ele>821</ele><time>2026-08-01T08:39:26Z</time></trkpt><trkpt lat='42.82421' lon='0.31649'><ele>819</ele><time>2026-08-01T08:40:11Z</time></trkpt><trkpt lat='42.8242' lon='0.31649'><ele>819</ele><time>2026-08-01T08:40:11Z</time></trkpt><trkpt lat='42.82447' lon='0.31675'><ele>818</ele><time>2026-08-01T08:40:43Z</time></trkpt><trkpt lat='42.82485' lon='0.31723999999999997'><ele>818</ele><time>2026-08-01T08:41:32Z</time></trkpt><trkpt lat='42.825109999999995' lon='0.31747'><ele>818</ele><time>2026-08-01T08:41:59Z</time></trkpt><trkpt lat='42.825219999999995' lon='0.31754'><ele>819</ele><time>2026-08-01T08:42:08Z</time></trkpt><trkpt lat='42.825489999999995' lon='0.31766'><ele>819</ele><time>2026-08-01T08:42:35Z</time></trkpt><trkpt lat='42.82563' lon='0.31776'><ele>819</ele><time>2026-08-01T08:42:49Z</time></trkpt><trkpt lat='42.825669999999995' lon='0.31782'><ele>819</ele><time>2026-08-01T08:42:53Z</time></trkpt><trkpt lat='42.8257' lon='0.31794'><ele>818</ele><time>2026-08-01T08:43:02Z</time></trkpt><trkpt lat='42.82569' lon='0.31801999999999997'><ele>817</ele><time>2026-08-01T08:43:07Z</time></trkpt><trkpt lat='42.82554' lon='0.31861999999999996'><ele>815</ele><time>2026-08-01T08:43:47Z</time></trkpt><trkpt lat='42.825255' lon='0.31942'><ele>813</ele><time>2026-08-01T08:44:46Z</time></trkpt><trkpt lat='42.82497' lon='0.32022'><ele>811</ele><time>2026-08-01T08:45:44Z</time></trkpt><trkpt lat='42.824605' lon='0.32093'><ele>809</ele><time>2026-08-01T08:46:43Z</time></trkpt><trkpt lat='42.824239999999996' lon='0.32164'><ele>807</ele><time>2026-08-01T08:47:41Z</time></trkpt><trkpt lat='42.823904999999996' lon='0.32237'><ele>806</ele><time>2026-08-01T08:48:35Z</time></trkpt><trkpt lat='42.82357' lon='0.3231'><ele>805</ele><time>2026-08-01T08:49:34Z</time></trkpt><trkpt lat='42.82362' lon='0.32309'><ele>804</ele><time>2026-08-01T08:49:43Z</time></trkpt><trkpt lat='42.82357' lon='0.3231'><ele>803</ele><time>2026-08-01T08:49:43Z</time></trkpt><trkpt lat='42.82367' lon='0.32308'><ele>803</ele><time>2026-08-01T08:49:52Z</time></trkpt><trkpt lat='42.824085' lon='0.32344999999999996'><ele>802</ele><time>2026-08-01T08:50:37Z</time></trkpt><trkpt lat='42.8245' lon='0.32382'><ele>801</ele><time>2026-08-01T08:51:22Z</time></trkpt><trkpt lat='42.82476' lon='0.32400999999999996'><ele>800</ele><time>2026-08-01T08:51:49Z</time></trkpt><trkpt lat='42.824929999999995' lon='0.32417999999999997'><ele>800</ele><time>2026-08-01T08:52:07Z</time></trkpt><trkpt lat='42.825199999999995' lon='0.32454'><ele>799</ele><time>2026-08-01T08:52:43Z</time></trkpt><trkpt lat='42.82525' lon='0.32461999999999996'><ele>799</ele><time>2026-08-01T08:52:47Z</time></trkpt><trkpt lat='42.82528' lon='0.32491'><ele>798</ele><time>2026-08-01T08:53:10Z</time></trkpt><trkpt lat='42.82533' lon='0.32505'><ele>798</ele><time>2026-08-01T08:53:19Z</time></trkpt><trkpt lat='42.82543' lon='0.32516'><ele>798</ele><time>2026-08-01T08:53:28Z</time></trkpt><trkpt lat='42.82553' lon='0.32542'><ele>798</ele><time>2026-08-01T08:53:50Z</time></trkpt><trkpt lat='42.82563' lon='0.32594'><ele>797</ele><time>2026-08-01T08:54:22Z</time></trkpt><trkpt lat='42.82582' lon='0.32603'><ele>797</ele><time>2026-08-01T08:54:44Z</time></trkpt><trkpt lat='42.82602' lon='0.32647'><ele>796</ele><time>2026-08-01T08:55:16Z</time></trkpt><trkpt lat='42.82645' lon='0.32688'><ele>796</ele><time>2026-08-01T08:56:01Z</time></trkpt><trkpt lat='42.8271' lon='0.32713'><ele>795</ele><time>2026-08-01T08:57:04Z</time></trkpt><trkpt lat='42.82731' lon='0.32722999999999997'><ele>795</ele><time>2026-08-01T08:57:22Z</time></trkpt><trkpt lat='42.82788' lon='0.32744'><ele>793</ele><time>2026-08-01T08:58:16Z</time></trkpt><trkpt lat='42.82794' lon='0.32759'><ele>793</ele><time>2026-08-01T08:58:29Z</time></trkpt><trkpt lat='42.828199999999995' lon='0.32767999999999997'><ele>792</ele><time>2026-08-01T08:58:52Z</time></trkpt><trkpt lat='42.8287' lon='0.32799'><ele>792</ele><time>2026-08-01T08:59:42Z</time></trkpt><trkpt lat='42.82895' lon='0.32811'><ele>792</ele><time>2026-08-01T09:00:04Z</time></trkpt><trkpt lat='42.82949' lon='0.32844999999999996'><ele>792</ele><time>2026-08-01T09:00:58Z</time></trkpt><trkpt lat='42.82955' lon='0.32844999999999996'><ele>792</ele><time>2026-08-01T09:01:03Z</time></trkpt><trkpt lat='42.829699999999995' lon='0.32807'><ele>792</ele><time>2026-08-01T09:01:34Z</time></trkpt><trkpt lat='42.82971' lon='0.32778999999999997'><ele>792</ele><time>2026-08-01T09:01:52Z</time></trkpt><trkpt lat='42.82978' lon='0.32722999999999997'><ele>791</ele><time>2026-08-01T09:02:28Z</time></trkpt></trkseg></trk></gpx>